x,y,Random marker (categorical),Marker (categorical),Random marker (continuous),Marker (continuous)
705.2212016651999,839.5515526259001,A,A,0.0776342482271101,0.9939235600773764
623.48297005905,754.85715204785,B,B,-0.6056507078808582,-0.9986400806302526
413.758751519,60.72028678685001,A,A,0.8208125145771534,0.8129242676274482
668.3204953765501,527.5120540291,A,A,0.3919624695310326,0.8215664719086669
21.976947448149986,591.33804467355,B,C,-0.2159366804155333,0.3317042858306626
943.6928834596999,370.401744358,B,B,-0.7312218489461768,-0.9994244803629376
121.29903006184998,251.31859205905,B,A,-0.2060594824974517,0.9969788956587918
812.1595684608001,653.53654705085,B,B,-0.7165335811286888,-0.7624457916718321
783.3162253191999,183.27400256649997,B,C,-0.1731874456720679,0.5756950531191954
634.5808207482501,913.23904431065,A,C,0.7323789405191947,-0.1029766920646657
342.398092787,313.42904890734997,A,B,0.9769144977122312,-0.9778003240686416
720.9186392197,122.77945557980001,B,C,-0.0350926693422413,-0.430953250149706
942.47099738135,405.1692478476,A,B,0.0078453761369132,-0.961111794987062
478.34781699295,601.9202532882,A,B,0.4665424109504967,-0.8953956551797432
382.0864740832,438.96459892,B,A,-0.6059003909678644,0.8682209891261754
560.41419806035,229.2879872978,B,A,-0.6473191284798647,0.8016645802921025
326.14032943305,271.77965157285,A,B,0.3958839997881422,-0.9560912541152184
618.8328764683,284.55384732455,B,C,-0.9146077671365171,0.1867213153909138
415.19379001215,65.86949188095002,B,A,-0.7944730405503035,0.8291627104942554
624.9074504074,742.5666668873,A,B,0.3044824608331058,-0.9865171522295956
746.82782065175,149.6220118087,B,C,-0.6373666060747976,-0.0313162848171425
34.95513114720001,525.50050505375,A,C,0.779412151961135,-0.4787766355192757
847.672804683,284.4369835272,B,A,-0.9629495253159368,0.6815010392646889
686.007966747,563.3656279378,A,A,0.9377967129872806,0.9996182886858342
549.4465594878,214.84774004284998,B,A,-0.6694407649902558,0.8423830928010583
266.79885682810004,390.22120469685,B,C,-0.2566099129884567,0.4436532037994765
237.96234486150001,651.41368800565,A,B,0.040908919796057,-0.9977182375443768
563.19591040155,363.12353832065,B,B,-0.2789615546938822,-0.9578143364359136
796.4972561723,561.63148130205,B,A,-0.0547552783130564,0.6400256739730092
317.72948752255,728.03406222585,B,C,-0.7735296285535374,0.233948770518484
485.79463572685,963.01188560625,B,B,-0.4352669279700609,-0.7062709271212765
326.08864082365,469.55735146215,A,A,0.3884295358374225,0.93626617892791
203.1535165917,403.70726898875,A,C,0.952165695148982,0.5692818949770926
216.06064788970002,540.26226931835,A,C,0.3312242192347623,0.1676706077703713
723.8287237185,768.6613130507,A,C,0.985557325492675,0.2102102392735823
405.49217822105,258.68627740935,B,C,-0.2842683642650987,-0.2964969661544374
710.4509997837,576.88029574155,B,A,-0.8649647387845698,0.8573478142052549
383.3597362519,630.5016776817,B,C,-0.6247689097048363,-0.310117345603757
603.49129802125,225.0918593577,A,C,0.4570098919569636,0.2197918265449093
684.5047322205,159.38095067815,B,B,-0.86895158475528,-0.8824781690303957
212.11263987439997,859.5041056303501,A,C,0.6554565341045346,-0.4259857221669327
488.56022481390005,918.0140890313,A,B,0.1925109077492262,-0.95022439418514
390.76460712685,416.11226139475,A,A,0.9457736537347804,0.6187170901584244
644.29046471825,873.3944653914,B,C,-0.7327479868562401,0.565897913976922
30.9839233358,606.7236771148,B,A,-0.8302503279249125,0.6062824827927309
332.5593039015,739.5062735632,B,C,-0.5982503360278977,0.4922461089507909
105.47825933320001,253.43925235044998,B,A,-0.9376613675839792,0.9992697102039833
636.02005484805,128.63786422344998,A,B,0.1598874864495394,-0.9414898180228056
90.59353783159997,444.9360874085,A,B,0.462442219370591,-0.9955416132481144
451.0623917798,901.3819690463,A,B,0.6452562204880328,-0.6558540068288682
489.57174209255004,99.4235875892,B,A,-0.6898326916545789,0.8856789452007438
665.57089650935,570.27975680275,B,A,-0.6924709415751813,0.994844693555439
671.9205126716,707.07177608325,A,B,0.0164758242488263,-0.6600053328648376
262.20570824034996,638.4121817134001,A,B,0.4438429321747807,-0.9940937535938048
602.83079616055,468.8493327606,A,C,0.1758274387841356,-0.5000930320929377
598.426748955,738.84019024385,A,B,0.4876264327220112,-0.995168418665195
345.15723816035,563.3662366762,A,C,0.7560265201646912,0.4018400520213825
441.6891331577,254.61504057985002,B,C,-0.4615383593116404,0.2075733349501627
729.3973413152501,862.35459413935,A,A,0.4649740631232892,0.9853441566068104
693.3479894504001,333.61695226445,B,B,-0.0820316637922224,-0.9483798307434442
479.3740214903,956.4309432105,A,B,0.6021564550846632,-0.7083753320861493
587.5952066912,117.80223454204997,B,C,-0.0381228412224614,-0.3501976791931539
290.11388880699997,676.16486098965,A,B,0.4826394667135631,-0.6239444732859822
647.698700884,511.32622436875,B,C,-0.9537386191154484,0.4883639138512712
40.83869822280002,589.3211346058,B,C,-0.1517142740356092,0.5623272035122462
85.47733145680002,475.54894925425003,A,B,0.3014780432633008,-0.8135414721975622
149.9109240999,244.24089339045003,B,A,-0.8521706219704659,0.9539500775566412
238.57694756715,830.12839454785,A,C,0.0215764375935403,-0.097179329227116
239.31769654920004,377.97564990579997,B,C,-0.5345478996909363,0.3090267956447199
155.38095033000002,821.5498554572,B,B,-0.1284610386708224,-0.994074310251937
59.014150890099984,457.7241807978,A,B,0.5887952008518067,-0.9585351360455084
949.7694471243,400.53647933900004,B,B,-0.6227944365921765,-0.911502658495974
697.6878226297,295.03131423045,A,B,0.6010741991864177,-0.9322183084083268
868.31533509115,212.97684943040002,A,A,0.9578804330535566,0.7777787232343794
373.2069270632,91.93744552984998,A,C,0.9875569347443564,0.154914095488917
661.60131344845,573.5097635207,A,A,0.2485292999972672,0.9977116144469008
292.69599491015003,941.30182986895,B,A,-0.5940806754967609,0.8565006276451851
114.7627585413,801.50631727015,A,B,0.4463140076696048,-0.7661209300506677
701.86462135955,123.10963679439999,B,B,-0.8191285065702352,-0.6856374467938889
154.73037987145,194.2238598358,B,C,-0.2085570819704079,0.3896687398936676
169.71138689859998,557.554507251,B,C,-0.6454756181329353,0.4406363528899135
343.31646600215004,578.16897658655,A,C,0.0405980138623676,0.3331274751272953
648.54250169315,600.01483038835,A,A,0.2481268859013525,0.9188939827269564
545.3901159687,273.98514928335,A,A,0.218713539167634,0.9905804127580012
70.76318451430001,349.203062894,A,C,0.9813012010308052,0.0193350696773013
732.307772051,306.7455948415,A,B,0.7923464617989338,-0.9713356832931884
346.22473277195,502.1415535502,B,A,-0.8628861229104132,0.9652352909417192
803.6908072751501,688.32914271715,B,B,-0.9344355270965776,-0.9987404509047166
447.23731358385,757.39585113025,B,A,-0.2889786147430377,0.6224040645653922
547.9281409221,750.98293112025,A,B,0.2087459568029135,-0.8607983772240877
132.46560157699997,298.86906626645,A,A,0.6714703454602482,0.786908513170173
458.49494808985,219.28639477464998,B,A,-0.9859136950556622,0.7792357569861688
235.72137616465,182.14987654830003,A,C,0.7072890062859634,-0.4598697768964351
550.9487091323,776.82530049295,B,B,-0.7235729454311575,-0.6219049196711605
288.2221189544,890.31384230205,A,A,0.337327279971122,0.8282056336187713
530.6457323824,903.1459077517,A,B,0.1977581984308931,-0.8892599941051484
755.2470196250499,366.4450214973,B,B,-0.3846207200702203,-0.6140737066787209
791.2504343507501,408.9164537877,B,C,-0.7905371514784194,0.2842869941350938
795.12312985565,180.88263855129998,B,A,-0.6011362537005032,0.7271981774449774
824.16665048905,424.74694889065,A,A,0.2774172940624406,0.7878190751098806
430.7120786627,647.9202354781501,A,B,0.5070791675749609,-0.7200591634069814
408.5297418563,395.41726944835,A,C,0.434296274633589,0.2109418872359466
156.4589370662,239.95316669214998,A,A,0.9741233828798936,0.9118822444208456
634.85271196035,405.1103875206,B,C,-0.9939945021085336,-0.2285825735797784
418.97244830805,431.0062203742,B,A,-0.6038573857412142,0.7051821927138813
228.23079374405,475.52477219524997,A,A,0.2027650068084752,0.9332524157744326
443.9560057037,776.4010649437,B,A,-0.521737061144776,0.6977245365983313
643.1160836928,135.47132636984998,B,B,-0.7897877819823129,-0.983918281046411
372.5002201512,257.71865818625,A,B,0.1964231085056642,-0.6410134680946077
246.01614408930004,847.99381228365,B,C,-0.6541085562439108,0.1600175619256621
329.50654340669996,575.5221632304,B,C,-0.6773236458897287,0.5429728481229227
733.47143153375,767.2821967664,B,C,-0.9131466336672204,0.1047865943190169
509.2091998193,234.87387186055003,A,A,0.3736659215257194,0.9755390030859428
150.79473697474998,205.60241672274998,B,C,-0.7593043047491017,0.534086846325223
666.4127114342,483.1268255735,A,C,0.3960765795151921,0.5037516721282465
749.5396537859,354.41652298725,B,B,-0.7275042096608613,-0.7727163173181703
149.12219578284999,253.44237851424998,A,A,0.3464232262071249,0.988660831883507
237.62455376355,495.4155148369,B,A,-0.3128870719615051,0.7419582371597901
788.7361200453499,159.45214673790002,A,A,0.0017595732164754,0.6414529001371565
408.39063654365,928.42274014085,B,C,-0.439054975658004,0.1565547946316564
498.7239506851,630.85229315865,B,B,-0.0686781409750494,-0.9995612372248688
500.19665526945005,943.5652867490501,B,B,-0.287356507586221,-0.9274490114739128
648.4956693271,645.2559516139,B,C,-0.572456523867984,0.3904572942494
101.35268162850002,644.3043360283,B,A,-0.4259546560643388,0.9260412002109036
481.52650362725,73.51659437670003,A,A,0.6851724391379967,0.9160680621935252
331.74955768005,572.2310975044,B,C,-0.5818154819759229,0.528063372932032
496.02876799834996,250.1109106916,A,A,0.8102745744221058,0.8418178316179609
725.5699495773,813.22295394845,B,A,-0.9979694800051296,0.7772706801113557
68.12866249094998,313.74402101515,A,C,0.5879994022499557,0.576881698630968
570.00529685725,255.89164902965,A,A,0.3188931850512089,0.8190215326880488
833.8510653368501,211.74961654204998,B,A,-0.0665378514050392,0.9955142066405518
501.46799632110003,819.7324447741,A,C,0.7222695781591786,0.4087389093593354
196.31405730530003,661.0574026061,B,B,-0.7910657964155501,-0.835315289713159
521.71360943655,82.51205155830002,B,C,-0.4458529023399995,0.4766646438758726
709.2655565877,605.9816141795,A,A,0.2346268901105932,0.6649453151390268
645.0951342648,640.2851081226,A,C,0.0806556211979192,0.4594002095671625
498.88136111719996,223.2365330229,B,A,-0.9635820203689658,0.9758943317113268
683.1263514536499,90.40405675115,B,B,-0.0636744504683688,-0.8382598405124809
97.79462344594998,779.81935879485,B,C,-0.6836193056303828,-0.4021346451011701
505.078880078,766.7610821362,A,C,0.7187093537698999,-0.3165966327199043
244.04944101834997,326.95534590094996,B,C,-0.1151168201412102,-0.5945372799501388
231.39420003135,888.64524454055,A,C,0.1583708197340527,0.0443714535587742
730.93798972285,183.62538450755,A,C,0.5607135026438519,-0.1932445761111028
512.3385183384501,585.1341184835001,A,B,0.8217697954106173,-0.7230537014150041
139.20924462839997,825.4747360297,B,B,-0.5763038474872555,-0.9858483185842044
518.58613448425,374.852665621,B,B,-0.5806469786846038,-0.8867315450715592
483.0774037211,917.0071520075,B,B,-0.6077667578765085,-0.9300704022319264
472.66623568235,617.69922233915,B,B,-0.5140863696387121,-0.9842950753749848
791.4695253689999,640.918549697,A,B,0.5213541083442268,-0.6954483700204568
801.71695419025,743.6518278868,A,C,0.9285910208398956,-0.5717148711886684
681.61808212885,850.4474114662,B,A,-0.0767379060478035,0.9735544446453585
59.67920332310001,489.9673757058,A,B,0.6209058620179022,-0.706344980278681
958.9756943171001,542.4198219681,B,A,-0.2654144077559117,0.7531075776106806
806.59124324375,251.68951425115,B,A,-0.8057976098695536,0.9978865328428608
169.40936244264998,538.17157658065,A,A,0.8914077728106311,0.6243391536136612
296.35599726105,936.39472440515,B,A,-0.9249149947464196,0.9046167501079692
416.7250338551,928.9671146747,B,C,-0.7632899159126052,0.0179978792699082
417.0293567352,441.2794571615,A,A,0.9620884770659032,0.817430708519941
492.92556429139995,381.35278575835,A,B,0.3616454618949869,-0.6606641998428264
629.94292325125,94.70142404889998,B,B,-0.4485282467680904,-0.9184179763327316
724.09350876845,290.7896056962,A,B,0.51345898504442,-0.997156107298426
533.2998449905,912.6677244747,A,B,0.154626454200639,-0.9196503353302772
376.85600719985,441.2347888336,A,A,0.7033517684427155,0.8783015461756127
787.2052188223,718.4187133967,B,B,-0.3949233074392482,-0.8660442105716716
458.7950064798,948.92530071395,A,C,0.5967736148213578,-0.5022418875124746
344.96221322315,743.1730106556,B,A,-0.9632010739700252,0.667039282891227
324.52640174385,930.870106082,A,A,0.8042999810793505,0.9992729975723242
92.89940768424998,334.5914023702,B,C,-0.7410590057491089,0.208961707232084
64.31798878699999,471.5522931437,B,B,-0.7284620238810902,-0.8598505887943182
766.2284007691001,779.7298932417,B,C,-0.7884295712302156,0.1967714778519755
589.76396452425,98.66829869825,A,C,0.993993752528844,-0.5805728004683778
513.8912035616,918.6176403637,A,B,0.9779945414724844,-0.9957774447236812
528.26287543615,607.2721028176,A,B,0.9073995123032296,-0.9500818044346424
242.77111427025,172.46602109934997,B,B,-0.6386659601497122,-0.6268348403353448
440.44927015595,389.17946157015,A,C,0.7338903906380929,-0.0974306580901517
440.71899054015,414.98015975584997,A,C,0.7726398136263162,0.3263595410057115
527.31550183375,944.23804279355,B,B,-0.5488660541673431,-0.9981977916182796
818.20161816055,221.6617074138,B,A,-0.3355734585328342,0.9942813546960046
215.87379648454998,581.1889602525,B,C,-0.3647237001204317,-0.4184762879859364
182.15317739444998,175.45992483254997,B,C,-0.6575099988199538,-0.0338065047116823
83.21982450955,415.3075808802,A,B,0.3620461066190161,-0.8895872637020615
701.97118013455,514.1807362854,B,A,-0.7561789020181147,0.9673876365604162
371.06381668955,960.0051303758501,A,A,0.0567099242345583,0.8121770403624314
248.35285739464996,165.01349361259997,A,B,0.5543411025266634,-0.7397297994200246
51.09049106135001,600.4706001719001,A,A,0.4524047559900637,0.751039764348642
803.2965593585,771.2215058699,B,C,-0.403934776995243,-0.2037235818374601
642.11189188655,739.38659587035,A,B,0.1295125408380686,-0.952544314378076
632.12545395225,699.8182031082,B,B,-0.1183719986506488,-0.6365640812027277
697.49380280595,561.8062209131,A,A,0.9956827327021248,0.9757186464517574
317.70085302990003,255.44252387544998,A,B,0.2466790983039883,-0.8956429281208447
698.1734210687,589.9569907232,B,A,-0.8680624098208374,0.8685348683561452
39.23626929965002,653.5254896769,B,A,-0.2694855066862143,0.9764794934447624
767.62392863525,728.69418347345,B,B,-0.4786427551198475,-0.6322334452261296
19.602298866349997,599.69407835095,B,C,-0.9666907743132772,0.4248653457097078
931.0099013866,451.24925401015,A,B,0.1320761302495114,-0.6687935490131917
612.0503264878,702.8579951096,B,B,-0.7623932654159935,-0.6718699272839667
658.8289825598999,653.35819531115,A,C,0.0833977302134334,0.1812702166477372
800.73674576035,426.1159233079,A,C,0.2428785822810801,0.5774736999630689
212.55852383709998,533.9087469689,A,C,0.2297336989908875,0.2853577503472689
545.7592813164,557.8208865793499,B,B,-0.2833523963732813,-0.7089578564532572
381.7494239551,793.3489686169501,A,A,0.855003321453812,0.8993392337097074
110.0528832283,280.25746434105,A,A,0.8256214855787987,0.9048778776245806
261.02058601195,138.19983786895,B,B,-0.2105046392142262,-0.9704106183085776
44.04281119404999,395.021559821,B,B,-0.8291928877739965,-0.6840034922572208
463.7575042866,788.05163448025,B,C,-0.6978926891497819,0.4425723803234548
885.50643575815,239.31770805960002,A,C,0.5941993276569728,0.3852148224821312
224.3683784298,702.54660346295,B,B,-0.8207444225849221,-0.9999419698984496
801.45533160585,572.73122368685,A,C,0.7666915395503897,0.4723182410834203
377.11922913995,90.95313889674998,A,C,0.0803122064856256,0.2204956659267772
221.2705917999,515.2546332908,B,C,-0.3869186605968489,0.4795510093485384
90.66334197949999,294.0410069016,A,A,0.8788419320540606,0.7754198825391061
189.49663298590002,644.4639403857,A,B,0.9124313995929944,-0.6363187929276286
466.8258076261,413.0880064618,B,C,-0.4066304647684251,-0.0036506091878206
112.082712146,334.89002039524996,B,C,-0.1234537867330132,0.2137796566697798
499.74265602865,942.81887287685,A,B,0.0142295035088753,-0.93039897455708
255.75103660435002,331.92753814499997,B,C,-0.8861946912799565,-0.4933214373949786
592.0585332035,446.1755555803,B,B,-0.4202461621978901,-0.8028558049198473
201.96391269085,543.35252276645,A,C,0.9064156834747488,0.2152987967763746
779.8357587549999,210.1516557507,A,A,0.7859503995713444,0.7147125715993236
270.62380532695,170.02527275674998,B,B,-0.5963489981046957,-0.8360441520625181
505.46471292240005,390.0810312182,B,B,-0.2189627262532469,-0.6854338801438272
106.38586200225001,696.3614382572,B,C,-0.0742895951033868,0.3722785940391973
734.98971775885,307.98016650069997,A,B,0.1619095253089286,-0.9584674109754882
522.6752041982,419.89766375785,A,B,0.0396548118700486,-0.7799282897610256
84.46344855699999,642.05665271945,A,A,0.306392800406621,0.9838460167217395
528.78148792895,906.2998033936,A,B,0.8311959595906178,-0.915514861763662
242.7587447765,703.514126648,B,B,-0.1145789429044106,-0.9499554196124448
974.8501401519,419.73087007059996,B,B,-0.2455870262026991,-0.6427943893803124
971.55409053145,488.49424634725,A,C,0.6247468242374601,0.2340688102907828
962.2174081851,413.4231806954,B,B,-0.7956470426727331,-0.8041828140646986
326.45325268255,955.46894919275,A,A,0.4626263799440382,0.9918227321129688
344.74588398820003,752.3764680589,B,A,-0.2088322518751559,0.6362631605265671
110.3885983399,684.2091228721999,A,C,0.9801340287026814,0.5359863325415749
564.9488620257,218.91140322439998,A,A,0.8369163276951428,0.705230046255368
285.14531936009996,129.51119920514998,B,B,-0.2341212558981615,-0.992745541815938
860.00874146355,214.66732094474997,B,A,-0.7008951291670267,0.8428286583394178
817.21098324965,610.5978334549,A,C,0.9062434721959411,-0.1904711414400984
385.05896692065,633.3521568253,A,C,0.9927514418010656,-0.36219828130124
303.07522485015,92.37066111979999,A,B,0.842105609938242,-0.6910235037524894
221.3205195684,387.4786826875,B,C,-0.4041009114765632,0.3781326472927302
556.60960203545,900.23692133315,A,B,0.8652747373450138,-0.6535466409697288
117.06639924784997,736.91237253125,A,C,0.3550580328843193,-0.2079722364683727
784.78803073855,705.95884625695,B,B,-0.4376957338929421,-0.9442827494524664
690.5663066891,259.26612499305,A,B,0.1321744050483162,-0.929636766361001
371.519494266,115.43658477169998,A,C,0.7117230641757928,-0.1818605547668738
854.98917414535,211.33701955975,A,A,0.1610287555842244,0.8751187999535848
667.71462713365,543.1477851423,B,A,-0.7781944105465888,0.9102975627847838
552.4014809763501,208.4004058007,B,A,-0.5995779977943634,0.7729556751709429
92.31266510059999,467.20282653505,B,B,-0.1520089617600717,-0.899814284187629
689.0466061723,603.2560229017,A,A,0.0922454402451917,0.8402436872502643
476.07256450445,391.1352594182,B,C,-0.9562041023410668,-0.3907874670837277
410.8035777567,258.0198633375,A,C,0.7746885606428233,-0.2102250985595138
208.28157927615,519.368538562,A,C,0.5186200068711282,0.5158355981005827
653.03308606355,675.03817797165,B,C,-0.069459490383992,-0.1007984016694894
340.80920292715,897.58471904095,A,A,0.995719458431745,0.9336416317556712
373.86574377479997,483.5294868081,A,A,0.1641523265823001,0.9812710316420488
695.55347154035,261.785316305,A,B,0.0405745544290374,-0.9440474195301156
916.47855682365,293.79114962505,B,C,-0.1703289146986595,-0.4109857577876808
459.98003464105,411.6273369483,A,C,0.2073523489518696,0.0837081823996897
253.48245756215,401.240676303,A,C,0.7451821235094069,0.5991546661017466
623.2761836125001,463.96377764595,A,C,0.322284006316567,-0.3035049530961954
532.64335706565,768.01783736685,B,B,-0.6538188038763844,-0.6094661523489401
636.54263848735,748.99147282575,A,B,0.7881906255065516,-0.9922892585686022
580.06498591085,243.54775423184998,A,A,0.7339629659265323,0.6589207230486042
868.08085142525,291.28454514185,A,C,0.0261536085353024,0.3811517063946714
492.95355115250004,202.700837277,B,A,-0.7658488083944697,0.991358729663394
474.46301717755,225.05304102410003,B,A,-0.4951551601061443,0.8167498420403624
555.60333717725,568.91930260205,A,B,0.5332449163018882,-0.860000743944635
364.86172092595,506.07342916385,A,A,0.3288524367196592,0.8375740556317949
917.55135352025,382.09489075044996,B,B,-0.0955984396405471,-0.95931322915932
395.47599994985,908.85916025755,B,C,-0.9448993568893124,0.2618298299992828
824.4824717717499,574.6748518879,B,C,-0.3315285754359052,0.3251958730002918
946.70459832845,523.8242527743,A,C,0.1426169605762623,0.4630633399559951
435.9158131218,654.87310110665,A,B,0.0440989720786737,-0.7484577528598367
558.7252185753,226.5426524587,B,A,-0.7453003974480992,0.8115905992844058
585.59068226895,122.76770068805001,A,C,0.7848379985590237,-0.2916120346496917
323.68477224624996,745.30786235405,A,C,0.7792403603280269,0.3315610780748244
952.55334435285,424.4860551629,B,B,-0.4279345238963077,-0.8003255485902521
582.5019701953499,437.2206685185,A,B,0.6204329666741,-0.9129047519186054
737.18753724725,307.15993920020003,B,B,-0.1581136234539715,-0.9487208703186412
690.4837594210001,572.74600808625,B,A,-0.9587602238966584,0.9798962557665748
690.4584028156501,610.2907299424,A,A,0.6290944456193739,0.7695585601391992
493.3577766241,201.23187045835,A,A,0.6629351117142597,0.9943697752006238
544.23370347285,115.1581277651,A,C,0.3328132779619726,0.3712815758449805
55.98002529515003,658.0267046152001,A,A,0.9863288264993856,0.9974339676477832
250.78393638169996,711.37808487305,B,B,-0.582006203919478,-0.8751898412143061
175.60121447799997,524.51307996405,B,A,-0.8663475890926533,0.6890951519831654
215.34559444849998,437.78392323185,A,A,0.2347132775935456,0.9361303098889934
813.5042398345,416.0160661417,A,A,0.608691320198548,0.6269071160143254
87.83336470205,350.9525461458,B,C,-0.5222832431019828,-0.0748753592595272
242.93942396615,141.65638888355,A,B,0.1435569496506596,-0.92183222995722
86.40790397659998,453.8462313462,A,B,0.3781997598213622,-0.9667654579883302
124.36526293330002,776.6763212594,A,B,0.2527321559735707,-0.6955861689449986
461.6124732754,378.02519088595,A,C,0.5777993472997596,-0.3755637617019982
854.5799549019,502.96722473375,B,A,-0.0485991880586436,0.8860411940975035
377.3535183228,428.7742509353,A,A,0.2042760286498157,0.7606680287549354
81.98892352805001,380.50949469975,A,C,0.1238364987876143,-0.5098131365784709
315.32336148595,754.3889358164,A,C,0.9682511074678364,0.1607006440289667
902.7790356066,323.5594651995,A,C,0.2238334597203062,-0.4253675985308066
449.1091930739,266.4312318037,A,C,0.3179044674796036,0.1699760069056589
516.2642986072,618.1584726071,A,B,0.6852731123483682,-0.9929816078491788
216.94500222084997,154.17030938005,A,C,0.4447116961167525,-0.5422414773272184
332.60271463904996,256.9852084234,A,B,0.6255626156602139,-0.8437808894739306
26.443862686850025,609.2259371751,A,C,0.3171985899793905,0.583794963621893
734.2819059578001,144.07298314175,B,C,-0.6344313486363462,-0.2570416086001142
676.0240528388999,318.61347342265003,A,B,0.904480068567172,-0.7746420976536383
631.6219232921001,902.5929534653001,A,C,0.1972621323722545,0.0696145038521873
95.99573796060002,367.4359959374,A,C,0.8990858256942806,-0.3314192469522606
635.72978562785,499.411073927,B,C,-0.1431813700066444,0.2267473783578213
489.57648158225004,262.97867873425,A,A,0.1762746997473179,0.7585315185464598
407.43057009245,72.72233376815001,B,A,-0.5084287003193375,0.7208462055295393
97.28376492630002,684.30754121805,A,C,0.4972854288351083,0.5917305028737808
479.9660844522,274.02765940075,B,C,-0.295980402737193,0.5785859829072291
306.72305514544996,271.98136163635,A,B,0.5945059315295218,-0.9915516701660484
516.54434688435,554.8551145722499,A,C,0.6330039956612383,-0.3352209562485468
555.28713506215,560.87062698265,B,B,-0.6336788349610596,-0.8161713342810508
651.56879612965,892.5554771575501,A,C,0.3177808525579784,0.2954320043739729
892.9769518101,340.72531395675,A,C,0.0788909034193707,-0.5217551622900928
405.81849732705,969.8729889676,B,C,-0.8799038888423651,0.4241360027067421
252.74866451884998,701.9769525793,A,B,0.0439428013583773,-0.8993487561455009
171.41421464720003,255.29642956139998,B,A,-0.7087283489709326,0.971736989723458
372.54493841895,92.33206895715,A,C,0.4201331204352976,0.142211964359442
250.66179439205,728.558699538,B,B,-0.4237274006118121,-0.8602623283124999
658.600594927,471.4175955819,B,C,-0.3315953716527788,0.2891467710499052
128.12989511964997,221.4493736495,B,A,-0.1011245987513007,0.7841667099462897
171.0438112846,204.63809533825003,B,C,-0.5303349503239927,0.4577481882124318
646.62376022895,638.87028400465,A,C,0.9553324956756252,0.4899519421942619
286.9666294587,325.8889146964,B,B,-0.3072028477291106,-0.6659536469505356
208.88417441725,580.6174269001,A,C,0.0047710752049856,-0.3097066474145587
79.90776952329998,701.73059125515,A,A,0.799749702895848,0.6671663735033468
737.66759506085,837.4366218032001,A,A,0.7799684340610542,0.9647880860141256
542.76865584195,356.1415886441,B,B,-0.2004555730369961,-0.9942994696448372
813.54472197215,759.48552621265,A,C,0.4428506271459727,-0.4482780137286296
204.3674995184,618.6569155416,A,B,0.2251023960908393,-0.6576877445001079
486.0511707092,399.82907993705,B,C,-0.2320476851002471,-0.3830918793343747
485.10325656675,116.43132089049999,A,A,0.8016177615073186,0.9820496088521652
439.8579808108,80.56062561020002,B,A,-0.4086415771984455,0.9793396282956344
477.0903708802,899.3098237829499,A,B,0.9722658604694134,-0.9129621870693976
345.76643650035,737.50431872475,B,A,-0.7042557351740992,0.6663902372311379
226.2511813904,529.9824637224,B,C,-0.0462403442175978,0.2386962463490624
663.946230602,569.2911245584,B,A,-0.4091931841676139,0.9918601474118632
451.1655112911,790.57857233575,A,A,0.9608414008987722,0.6257288571640082
470.6455627552,416.0861935034,A,C,0.8872701922889508,-0.0312573588458724
680.5985545875,309.62015051235,B,B,-0.5584867261931268,-0.8248635844795299
618.06368600965,909.1626937082,B,C,-0.2574590299205337,-0.1804370397129612
859.82216637385,597.1512606658,A,C,0.131703969214705,-0.3630545864906986
467.32845592805,412.5637347615,A,C,0.1396217163375224,-0.015755016393851
675.28844944565,692.13015537135,B,C,-0.002686647213979,-0.4904191383855126
355.7233900216,921.31697409195,B,A,-0.3472575109757472,0.8354114624908244
937.0683140002,320.44843502225,B,B,-0.928167309079698,-0.7833611419198107
255.50604197644998,872.8311411587,B,C,-0.6714983313808607,0.403615205295769
274.48718957535,339.09858578160004,A,C,0.111942543010576,-0.4745447561134532
232.4338545397,351.36996711635004,A,C,0.0125552392773256,-0.1958152467689261
412.66235058265,125.65994390514999,B,C,-0.1519518102556296,0.5000777268025614
697.94870343145,111.73756850795002,A,B,0.4061419070965377,-0.708860943010798
755.5708762368499,837.4171954165499,A,A,0.4288043734850377,0.9223730724689534
554.9338654744,91.68274922900002,A,C,0.0497303339911718,0.0540122394830313
953.2705358331,543.94277575555,B,A,-0.8817139340033437,0.7407342036848171
624.1559529047,882.96456166495,A,C,0.010095724839287,0.2279474680758542
239.6626499391,377.71727171534997,B,C,-0.5667552085055538,0.302187311874235
408.78318786295,913.2235194194,A,C,0.8895517107165238,0.0315024409946226
197.47286276174998,561.8012286093,B,C,-0.99508652233541,0.051860153044358
670.711197004,662.85481646855,A,C,0.1745407366558184,-0.0142145304058801
424.1686028738,651.51872383535,A,B,0.4024719286071785,-0.628346826340433
173.52630549685,234.60188477665002,B,A,-0.6951834620253687,0.8337030651480225
523.47069096995,52.39323992179999,B,C,-0.473219445336164,0.3487896985750279
723.36827554365,109.11092668775001,A,C,0.0516544302864974,-0.354114170386426
356.26248439335,79.33355271250002,B,C,-0.1659395785221609,-0.0026531498510713
762.1629613016501,807.4229797949,A,A,0.0115063340540404,0.6445826091229723
500.93490675475005,96.90844364830002,A,A,0.670205679996787,0.8169770059746084
832.02936835175,266.8081035154,A,A,0.1991897364612926,0.9097275093820718
580.4341947063,275.0711130073,A,A,0.3572890414327765,0.7506756353681645
397.49681282375,605.58335435275,B,B,-0.6740166525152356,-0.6096939636360447
761.6484216941001,821.76882302995,A,A,0.3827336762000999,0.7798295638566451
368.8263994744,792.8302410406,B,A,-0.0386141871243284,0.8010707866492149
77.98266317035001,525.286351173,B,C,-0.3677769751439952,-0.1044574682479293
850.1694663165499,514.7358549872499,A,A,0.8690321408733084,0.8156464958554093
384.2889380285,421.8612060785,B,A,-0.1174960848632498,0.6749384248961848
833.47262525695,707.95384177265,B,B,-0.0974965073948617,-0.9343209422822506
291.36727256284996,141.1984144494,B,B,-0.8669919403755939,-0.9997982588801808
819.0011516110001,728.03677699845,B,B,-0.4172984721674875,-0.8397456049018736
71.14204369915001,502.47653514765,B,C,-0.4372949211287451,-0.4807761712924383
765.4463728998501,713.41708061665,A,B,0.4822434540246256,-0.8085150990042268
520.02984394145,415.80275232095,B,B,-0.6295809113030628,-0.7841660258218234
747.9859114868,738.5050886202,B,C,-0.080363115158208,-0.4188625379478161
876.3640821080501,304.86252313110003,B,C,-0.3547879251660817,0.0998388219348975
549.6023649358,83.65119988934998,A,C,0.3553037438499546,0.0989622872428478
178.48846762,875.03788274605,A,B,0.2245085486938562,-0.7617916579267078
360.4457784767,897.8014082500999,A,A,0.2310184946579963,0.7689210377931016
718.9652262575501,301.0580092792,A,B,0.0841365383899053,-0.999998508352732
266.63619401145,869.9025955532,B,C,-0.543402939982768,0.5706368326209472
938.8525879159,355.10258171555,B,B,-0.3555025930033015,-0.9807994049936796
838.4195614908999,694.37231086925,A,B,0.6238388355638531,-0.9923786039917308
968.7787513420001,541.5424590671,A,A,0.2893245034434391,0.7964766140042924
200.1915700668,410.50475229805,A,A,0.9414920008781876,0.6662820358762543
273.94770547505,144.5490131332,B,B,-0.9056635392882996,-0.981632895696006
187.36809721830002,548.76555568995,A,C,0.5208846994246978,0.3209902179354374
796.9283871181,500.48933481495,A,A,0.7555548456038621,0.9931729454742144
541.83448630905,366.53219645965,A,B,0.8971245244788144,-0.9976184063941166
133.71904168575003,737.74033988645,B,C,-0.8171352495608506,-0.4683198894356676
614.0470036317,466.46886100250003,B,C,-0.2360742567683622,-0.3916947914083948
82.41246464620002,480.05148638410003,B,B,-0.6306045620777778,-0.7612668902729779
192.50154254389997,184.6921630933,B,C,-0.2427899958886004,0.0785377815588844
940.5513138838,333.0695804975,A,B,0.1726398611155628,-0.8859566926809204
388.4383384961,769.1037508165,B,A,-0.6676344863203711,0.992162607483894
487.8518836777,778.8461896904,B,C,-0.2077085449245104,0.028577882923669
128.73366214825,249.35541296915,A,A,0.492079089756283,0.978875552056786
489.3446764335,72.24288157314999,A,A,0.7707332844001897,0.8623437184683433
333.03675019679997,467.8828242222,A,A,0.4477753897878951,0.9458163291401604
488.25124974115,252.21160306205002,A,A,0.1993866074303563,0.7619844287059715
493.10354805994996,200.00482376315,B,A,-0.3725586166159522,0.9962564643850236
515.82453881945,365.03629528105,A,B,0.7434364928346582,-0.9284905803426524
607.9187207111,280.3917378293,B,C,-0.2159753792756809,0.3732449747531074
246.41080723854998,723.35757304705,B,B,-0.7303544604958063,-0.8880071058049325
358.30659261840003,254.7991997232,B,B,-0.3424306745730503,-0.6908169460462215
587.47622100135,112.95534288304998,B,C,-0.5309439197248551,-0.399369043559747
652.00247224385,117.72887667629999,A,B,0.330843133689175,-0.9997739389304404
647.4137568553,692.5967948471,B,C,-0.0489712126701247,-0.3969896608914638
413.6563978493,757.2274505489,B,A,-0.7202262607233465,0.942988914850174
465.9271475463,800.99409178225,B,C,-0.4553110059547358,0.5209721351482066
430.23405498265,911.85917954565,B,C,-0.0709551630785028,-0.3209469878753375
550.02345642575,416.93433013674996,A,B,0.3823598237753847,-0.9763810435689696
636.36996613645,522.67148004165,A,C,0.3454813565665826,0.5120363471651515
890.1790046806,327.16591168670004,B,C,-0.7737605101426153,-0.3128155765695307
120.41691978680001,686.59432162965,B,C,-0.827937130979981,0.3837690166318919
229.42976876505,159.52102168605,A,B,0.3981628704172921,-0.7169984959720471
506.3837583941,566.7363877242,A,C,0.2413830852913199,-0.4934966794668249
601.58657151905,227.1950522042,A,C,0.8796275455741855,0.265664120245394
653.5462968972,604.84305922595,B,A,-0.6929313425450383,0.8899357612250552
654.61566733335,717.48650427645,A,B,0.8144187066755557,-0.7454330792126583
649.5977234028,697.4548448109999,B,C,-0.9443888364954012,-0.4767974033973783
813.3683321803501,420.0161234468,A,A,0.9214553149111284,0.6774446401812307
261.1087899684,901.6058173480001,A,C,0.6201600919245847,0.5519390017220619
254.18044735310002,714.120078125,A,B,0.4551013367787881,-0.8377092757129587
499.75096154555,566.37188551615,B,C,-0.4346949976389545,-0.4182273984105084
337.72968799504997,555.6788114862,A,C,0.3224395021145467,0.5577590465093996
323.57806782065,737.67844541225,A,C,0.1543243771852163,0.3540634906519754
758.44308413725,138.08998831805002,B,C,-0.6932250892232144,0.1542706779934978
140.1207511202,267.794370261,B,A,-0.4505489312394342,0.9913508367744694
522.53490705805,648.8001778724,A,B,0.427925209344832,-0.928148513745315
115.2214562936,244.01179806890002,B,A,-0.2718232108963219,0.9722456158125948
373.38198221025,233.53171318295,B,C,-0.6989114529158866,-0.2531272204777526
791.66820166485,737.03123543735,A,B,0.8876912756920254,-0.665551995672517
721.46992297735,368.89618498735,B,B,-0.5023837938571678,-0.8829005510618998
341.49407827415,586.3083306126,A,C,0.9029536362593228,0.3711465132883454
183.29967067040002,869.36062982545,B,B,-0.3193448089737567,-0.7306183932882514
410.60654469794997,287.53738944225,B,C,-0.160482861149906,-0.5320305065665932
453.49677921435,675.1250821833,A,B,0.7577535192326554,-0.6339991251446828
570.007297856,726.229588872,B,B,-0.907529775367392,-0.9998220553556648
406.11472217195,272.82997855645,A,C,0.3226590079881886,-0.4514384473642691
65.71281786235,545.66867659745,A,C,0.014131329159398,0.1268700338723479
446.47861195475,958.4573936403,B,C,-0.4123417385727765,-0.2634725082073974
757.2028354422,790.70434805695,B,C,-0.3722440377876179,0.4213041359783409
267.04143622755,648.42280881675,B,B,-0.8150485987302558,-0.9570839676876604
685.84681897625,665.28669097375,B,C,-0.8503567178225466,-0.0691301606782729
684.6282160114,329.7459026788,A,B,0.9728189841056404,-0.8862013419084395
619.79817183835,893.8767164152,A,C,0.3013416444484218,0.0341271300502679
252.6860847387,616.6546181409,B,B,-0.3597571830518169,-0.959075409460448
33.67910733324999,584.5272403719,A,C,0.8371917002212026,0.4381970517958155
374.14586022065,962.26484082995,A,A,0.3578608408161672,0.7733949777558183
825.11844574715,564.88965175815,A,C,0.8979866671190493,0.4747232890454032
506.67162061985005,612.4309277716,B,B,-0.407535075509932,-0.9539207095894616
770.14458615715,789.4407766555,B,C,-0.2827100798803612,0.3640171603829656
741.2280649675,408.4268523463,B,C,-0.1827907472871932,-0.4212180742959068
460.7245870343,356.70925809364996,A,B,0.247293253519814,-0.6710284907010107
224.16164250055,565.3431295838,A,C,0.4994061815145465,-0.300460261322535
185.08481608,562.1363707585,A,C,0.9892841071567526,0.1862278658777775
462.92461587915,272.38214739505,B,C,-0.0980343508912195,0.4060563814150126
458.03961930075,763.6793628335,A,C,0.8755488525485979,0.4471074494898772
949.5623334832001,504.05498118675,A,C,0.4361451014888522,0.1890992781499255
865.1951173474,249.34644234454998,A,A,0.0244964133574701,0.6866781158741238
154.24257596784997,255.3866273767,B,A,-0.8100274278423345,0.986730863078674
643.62260545295,449.91037056695,B,C,-0.5643334641876447,0.0217234918207977
713.37711118835,794.47578157175,B,A,-0.2275965601059399,0.6247310937700936
593.11194555495,763.21322574755,A,B,0.5480356770141719,-0.9500432125839132
765.0461775878,211.98402953164998,A,C,0.902144312028596,0.520840617093604
637.14753029935,283.71068247645,A,C,0.8994330236874784,-0.1174719650867531
87.97279715960002,377.20256841885,A,C,0.5161363998334234,-0.4903157832813255
756.4419603737999,739.38396994225,B,C,-0.1709890619969534,-0.4583737322063059
356.93565920385,87.05917672014999,B,C,-0.7727480986771882,-0.1315193022738447
615.5198785127,405.88458081755,A,C,0.014493891939239,-0.4850486475367508
553.118483547,258.79289590635,A,A,0.5139574252426651,0.9474838191164366
199.00967448749998,478.872519528,B,A,-0.8865122847758851,0.9461749714004098
582.1156982393,422.35104369994997,A,B,0.5586236365225901,-0.9477582345945578
205.12983206355,623.20760626045,B,B,-0.6763511449519464,-0.7093198877875063
822.28524810045,567.74270364255,A,C,0.5829814016270614,0.4326157904433521
271.56291624925,380.63971227025,B,C,-0.5225800861538206,0.2776324653104026
875.5500140436,305.15533384365,A,C,0.8626493946122891,0.1102378608004671
381.6436033617,244.64125840090003,A,C,0.5725417977648448,-0.4167536374904426
530.65311031995,956.35353344335,B,B,-0.2090481526464789,-0.976139677903679
284.5714309086,903.29330812375,A,A,0.7656938132098143,0.8286780928734709
227.5408229403,378.58814866275,B,C,-0.6018166539121772,0.2054625856312599
344.54387942195,528.05796724985,A,A,0.4961905082570468,0.7641753913349721
371.38706770485,283.5816538781,A,B,0.2906159424130037,-0.8523232000845281
221.2038041628,505.3077873401,B,A,-0.5402518056875452,0.617788718026552
637.11607794265,299.69878466734997,A,C,0.1859548291992059,-0.1546689870893836
599.4852253911,261.6040708027,A,C,0.343598428379156,0.4441683143959372
189.76151956115,219.7760316623,A,C,0.7698396047133691,0.5761707318011291
242.3352969335,451.34484317725,B,A,-0.1964639915519856,0.9999924513590184
228.5687167093,205.0743468097,B,C,-0.9469789998737284,-0.0775304979025853
417.66585796585,237.3013155448,B,C,-0.6153300431683892,0.1088813877056646
260.82544197895004,657.10656885535,B,B,-0.9721218007758328,-0.9591328010220808
788.7702286021,170.30004147615,B,A,-0.0876796085520488,0.6828311163850044
18.28621175774998,589.94988171435,A,C,0.2839508974517861,0.2714846233783985
564.4263556282,722.7285743019,B,B,-0.912338388732946,-0.9999504619632956
952.86433173055,343.4448098455,B,B,-0.7023103825967363,-0.9772133594678948
902.1144020578499,372.96743728815,A,B,0.4394147187320594,-0.833641369542035
778.8193982590001,772.965579821,A,C,0.2514627354113332,0.0770572318329055
694.023826438,135.93043923315003,A,B,0.8356325180429689,-0.8102123427592408
265.31267603565,911.1017860970501,B,C,-0.5908248471306621,0.5894541956813705
359.045204383,240.24713006855,A,C,0.3392377041609036,-0.4966819429078192
685.04827262625,113.69096793454997,B,B,-0.6969193355731078,-0.8443442446529384
623.95629117315,931.37055301615,B,C,-0.170697090963394,-0.4280722781501432
113.52585128894998,302.07013332040003,A,A,0.0025592082105283,0.6910705205363891
395.04300338635,278.6892830209,B,B,-0.0559781577559084,-0.6265763756253055
104.18646777380002,358.5675108003,A,C,0.1783891307656924,-0.199206794135427
648.25154119275,902.47657049005,B,C,-0.1332600072592384,0.1857361648272926
511.1742283134,583.7217110962,B,B,-0.7671299562472842,-0.7016464527730993
348.89540815255,255.86581449895,A,B,0.8633371524359041,-0.7144898290955163
33.82846137755001,583.72505558395,A,C,0.2809397308700776,0.4328922011035597
517.5296265432,901.4265119228501,A,B,0.508614001391027,-0.9677642448598852
394.9942003521,222.80827658825,A,C,0.0036103214345293,-0.0033484876556467
430.49904839985,213.46239875415,B,C,-0.7318635169717478,0.5326673223662262
314.65444414155,277.53073108105,A,B,0.9884250524252562,-0.995733013825421
481.60596349805,671.7710544955501,B,B,-0.915003956368567,-0.7921788886207324
235.79628501950003,404.5168351564,B,A,-0.9438935317924488,0.6892106724274141
465.1080093124,238.46423704070003,A,A,0.4248454665590322,0.631299725061291
787.0883927406,700.38181912975,A,B,0.1629006892796851,-0.9725513964209556
350.2630762878,774.77927414525,A,A,0.6285315897947019,0.7088285361054609
335.05836462445,738.5842311579,B,C,-0.2321955272657023,0.5226733334714163
900.407831991,370.7024342648,B,B,-0.0196223107270723,-0.8066148368149397
331.34241716875,127.38738428009998,A,B,0.8822112557362563,-0.7716884992244419
567.4333462851,926.76658913795,A,B,0.766256135547474,-0.8577462815121363
779.12536460865,439.90528955385,A,C,0.0777402373521527,0.3767683441894914
622.24227981535,855.17415462775,A,C,0.6502790245927408,0.5918561561432161
931.5229575798501,431.5849753632,B,B,-0.7059044096866796,-0.7952464840158476
51.19283261045001,540.7007116298,A,C,0.3757113300576491,-0.1282058915069458
769.13136543745,354.6218261279,A,C,0.1940190394361549,-0.5282710164909269
327.94211272685004,597.05233508865,B,C,-0.645528905509593,0.5531195588456247
629.97496718025,412.7697695539,B,C,-0.7864086245404163,-0.3662895039143511
328.31174168805,891.6565981092999,B,A,-0.9330193092078424,0.989012881509414
291.69834438075,164.71801138,B,B,-0.2011473065839661,-0.9762119384256016
56.08539030284999,630.11944548155,B,A,-0.9976873371023256,0.942584547672448
813.10615304265,694.5193588399,A,B,0.3358209174218398,-0.9999769893020972
207.39793380589998,834.9605786826501,A,C,0.1435607698831291,-0.5633440786791745
593.45495365045,90.51470399179999,A,C,0.8220313649092179,-0.559230344878249
139.16706556865,840.1211707169,B,B,-0.9636230202230568,-0.9914590994209572
281.18215080920004,695.51898576605,A,C,0.1859907643885026,-0.5395823176251147
311.8809396876,137.79328288890002,B,B,-0.5972320518158789,-0.9335299770843152
885.0731969033,348.99932627969997,B,C,-0.4515459785692433,-0.4754741319862987
120.12249305350002,235.86011172334997,A,A,0.3674558166707253,0.9231205519164696
226.2863807011,339.1475583774,A,C,0.6270438569409975,-0.4124217584752408
338.50235146405,465.3490170888,B,A,-0.3100927299484042,0.9379586762651634
52.082111959899976,448.87628182205003,A,B,0.424663478374381,-0.9948385214751372
407.38309912445,276.3590922342,A,C,0.807046257010452,-0.4509680421809596
676.70960186165,883.99460273575,B,A,-0.4447423638958194,0.6833709421907606
578.579883486,123.72808201470002,B,C,-0.2907567834314837,-0.1770357571749118
666.30662025385,706.108428872,B,B,-0.6612907809073896,-0.6226745207789152
225.51260697295,655.4420079828,A,B,0.591003377552799,-0.9893778114789442
798.888482949,187.4302481319,A,A,0.6154966492556766,0.7720604247262833
414.2873399737,404.9441773447,A,C,0.5092529234860819,0.3347594233807116
274.865133755,316.9716518665,B,B,-0.688146154437385,-0.7599802954708162
507.77801487010004,568.39104845475,B,C,-0.8987087733247765,-0.5245344232897473
626.5377980524,411.08434980625,A,C,0.2105763894223806,-0.3905808004254541
709.6405762032,879.0055680657,A,A,0.4298738882391344,0.892041645657678
36.76260459135,646.47074804255,B,A,-0.0894127256508714,0.954709857648439
831.5324280387999,237.10774325979997,A,A,0.889366631267444,0.969560314159367
138.83638623755002,320.83205153475,B,C,-0.1687581068350689,0.5522004352397576
423.3811745739,216.27796797995,A,C,0.8515181813294168,0.4636632461949636
465.87548460055,971.6569951839999,A,C,0.4153293471479422,-0.4332174926719956
566.103704328,766.23462169545,B,B,-0.4226534185345829,-0.8301183312993892
157.5632910521,208.06196228645,B,C,-0.7124017871253152,0.593733046130719
442.01781301705,240.11797940845003,A,C,0.4115389677623451,0.4356617964880305
143.28316800649998,229.49662105695,A,A,0.4916609283612632,0.8309865366774509
790.5562720011001,370.9667219425,B,C,-0.0488079250549913,-0.1072269348185211
535.7343641465,584.11444237805,A,B,0.6976592210516173,-0.8116249633930849
720.15893200065,829.1375121251999,B,A,-0.459985146507269,0.92093424818258
573.27066369165,882.4351432996,B,C,-0.0571258188060277,-0.3011419367098449
449.8567522844,803.7851370993,B,A,-0.6059523321359972,0.7274842373262584
610.68909648075,107.28232442900003,A,B,0.1815561150063505,-0.7038006803294552
517.99985927735,359.9623740185,B,B,-0.5516178216556091,-0.9586832555680268
676.7714154415501,856.37640804285,A,A,0.2566008098562726,0.9365567666296436
95.26448816560003,433.9948478161,A,B,0.6072177742673346,-0.9946163236145936
57.06709310504999,492.14260365949997,A,B,0.5265382040010635,-0.6957273953402376
510.7504957832,67.05830512760002,A,A,0.8839844123243994,0.6231794794936993
606.85239335445,94.26554219859997,A,B,0.2585892647280401,-0.7347741210413986
269.24417758635,666.7840765296,B,B,-0.300717911917522,-0.8772675897802249
232.51630789939998,877.31057205725,B,C,-0.9204851926523115,0.0043449024277851
79.46815256305001,716.28165160035,B,C,-0.9451657331362076,0.4686570787608887
90.45162414574997,350.49122969769996,B,C,-0.194713776090313,-0.0306308905679641
521.8570080701,594.19783462855,B,B,-0.3321873931181986,-0.8472803784592015
517.0015174232,57.95637027290002,A,C,0.8215624413720486,0.4695422218410667
376.60085684554997,636.4923078065,B,C,-0.8971160521462875,-0.2184786219953115
34.32951013799999,642.42284460105,A,A,0.7631195493384604,0.9291371965768888
635.06710768125,888.13835304985,B,C,-0.8894991475793597,0.2891202340491222
672.1243310192,297.0532321234,B,B,-0.1243033445870449,-0.6756891538937644
307.1237572375,705.6722609749,B,C,-0.4693995907338719,-0.1048720098342823
706.35325334265,830.30256085575,B,A,-0.1106832151582162,0.9649361692677624
310.00594696359997,948.8284240267001,A,A,0.0775582156136873,0.9404751709668724
705.23972173035,810.32436602445,B,A,-0.6681458302750056,0.825853067012184
762.1142910987,835.9114389438,B,A,-0.9647047581809024,0.878349673631326
639.3347158792,886.3402310243,A,C,0.5034771878545372,0.3620724525593333
682.76469248795,321.05617854775,A,B,0.2735166239241851,-0.8445060333249386
155.98112734755,272.06734909825,A,A,0.6168460941235199,0.9932294995018888
486.52509326385,76.95046247530001,B,A,-0.2362127207998052,0.9049817643522816
404.9850285049,393.23204560655,B,C,-0.2676824181536599,0.2163952287147869
289.59224992074996,307.77985414485,B,B,-0.4732158223327205,-0.8649512597605653
128.60846636730003,337.32850026775,B,C,-0.486974918718851,0.2585331135318306
675.2265431129999,483.33161199255,B,C,-0.9438703341987676,0.5925617388145785
359.8981704276,81.28590196135002,A,C,0.1457962801931591,-0.0237491383037544
828.03650443935,550.57143293595,A,C,0.6309339642808214,0.581537513678946
155.8656147498,850.9392838021499,A,B,0.9456406903170048,-0.979903584236198
683.2831724977,122.1160666792,A,B,0.3086863565218918,-0.8750853998267246
471.65068673035,68.24083272920001,A,A,0.3548128999229156,0.939983603821769
941.3906946873001,481.22225140735,B,C,-0.0877101912103726,-0.2127349854021807
259.54193074525,638.5331981361,A,B,0.723384256897198,-0.9962031295229856
963.73572868835,508.60689673725,B,C,-0.6932146005939215,0.377570299100095
22.587707836749985,467.64090666655,B,B,-0.0877363022006436,-0.9953581133392984
324.62903414825,483.72772367195,A,A,0.3968963492463453,0.9815546239122196
626.9639791362,250.3035330578,A,C,0.8254936250377902,-0.0466614753121626
604.41060877995,424.81788057935,A,B,0.7057842904271587,-0.765799546400797
793.7789016132,652.14612599985,A,B,0.2518692558761883,-0.8192416747144382
571.3557134281,938.1527247115,A,B,0.9565611099659456,-0.8738636253364844
796.3137589657,737.41639735765,B,B,-0.4259446188638864,-0.6412261952925773
378.622064733,417.8989331986,A,A,0.3743162378674818,0.630236192133864
374.5313173648,908.9805946090501,B,C,-0.2220513270594972,0.5761427679927074
752.71313414365,809.2880453439,B,A,-0.4385247791144162,0.6842115023916004
399.11424339485,651.1529376195,B,C,-0.5330634981801303,-0.4041886328244578
949.3760357167,543.3669741756501,A,A,0.7031815160010868,0.7244177573403652
291.07318914095003,314.16340388055,B,B,-0.1654026901650063,-0.8050947572316791
704.2354426161501,842.93913330515,A,A,0.6395654693193862,0.9986744517769758
544.21638769165,116.72591786555,B,C,-0.1403611766951209,0.3954156192726537
793.06149225105,469.56342125095,B,A,-0.8022383285697392,0.804262528034796
728.66990460425,777.8009939325,B,C,-0.4042398409562833,0.2933160935114879
529.5000699996,753.4114385967,B,B,-0.6769143884106525,-0.7075433816704948
95.44193921380003,353.88672171459996,A,C,0.8261707181808926,-0.1115649120700791
446.9824903933,96.99713155569998,B,A,-0.3848540791745218,0.9547856901617094
432.8412587789,946.11536997875,A,C,0.0194284553754244,-0.1109827746319921
538.3195478167,929.5190545189,A,B,0.9214776438772688,-0.969833815139611
772.54489748305,394.4896871863,A,C,0.5962260364818548,-0.1052525565065976
146.2054163258,766.3087110815,B,B,-0.7080037794807676,-0.8100815450324111
826.4598298206499,208.370151921,B,A,-0.1493285789757144,0.9991719023754626
244.92488897060002,871.0203548243501,A,C,0.3303988040596701,0.234348619857869
399.00016031695,925.09596021345,A,C,0.5931116262712581,0.3176410964220599
312.5330263858,748.4135144994,A,C,0.0758758483632666,0.1445146636969213
374.81012731155,226.68966460874998,B,C,-0.1973863385433634,-0.1723610725730632
352.01293375995,269.6583607798,B,B,-0.96186206493352,-0.8581058846947248
486.52006822265,616.4185362674,B,B,-0.3067840056104112,-0.9621562012418056
511.46980114744997,803.40081364405,A,C,0.3905298312884133,0.1424322143610734
298.4960301465,702.9949094994,A,C,0.9404666718718592,-0.2528503040662874
311.284060026,145.32387799449998,A,B,0.8500951561323034,-0.9711395739787222
907.2462226422,261.25773159105,B,C,-0.7947945802811802,-0.1190532664570458
202.78331823489998,673.89989630745,B,B,-0.1500748296411971,-0.9047595032646067
914.3695547582,300.5799029494,A,C,0.2961220847875816,-0.3869181772826646
172.3019835654,578.5745498331,A,C,0.7128891239434196,0.143504519208401
158.026377266,239.07860040135,B,A,-0.0062836104203183,0.9038522215195532
455.12870536865,80.39381830029998,B,A,-0.5544397636981151,0.9999796711874536
688.21172268245,531.5169588483,B,A,-0.9851214623544252,0.9641779212278052
313.80893991305004,515.02714224175,B,A,-0.7054397502232976,0.9880993535959794
565.09189717035,912.3070205715501,B,B,-0.4576542573938602,-0.7129357392976111
128.50735118605002,245.42756365005,B,A,-0.8047565216895574,0.972999513929674
330.1183293139,319.43223677555,A,B,0.6578765741501533,-0.9052139345414584
924.20815521335,282.89028503785,A,C,0.7281413152721328,-0.5459270703861704
469.80173999665,639.69124566725,B,B,-0.5444723342439424,-0.972747754292844
700.5435994837001,544.6262586532,B,A,-0.3751617431789176,0.9995040011361198
253.55402071460003,351.57183695460003,A,C,0.3296338860219017,-0.1853792801474833
302.3925923581,272.06115541455,A,B,0.8770694915413997,-0.9923327641119754
375.4545055018,72.96207958949998,A,C,0.2163620814347704,0.2670238456853976
760.1048374432,358.67920505175,B,B,-0.9757317476697922,-0.6390258419965271
674.177872888,657.27921858355,B,C,-0.2726044450401332,0.0950653806740601
780.6033517148501,146.67934574165002,A,C,0.28530910966167,0.5235398238845659
327.29006326365004,475.330738682,A,A,0.9834715963734356,0.966218657959368
379.3187964701,224.53279039705,B,C,-0.8211016007430028,-0.092365741967216
642.7180787687,298.3273679609,A,C,0.3510067872769415,-0.2487758441405711
458.49284890925003,780.81751389815,B,C,-0.8011064570120632,0.4960127863544141
618.97760992785,390.0104742789,A,C,0.7686839654400885,-0.4928507784122883
247.6643484855,120.11800941220002,A,B,0.2887278785780507,-0.9728988986268744
376.94049297034996,429.286449423,A,A,0.3352891558044306,0.7663589803201276
472.5948088314,614.41054086355,A,B,0.5760695023742006,-0.973142857176041
489.82327236749995,914.66417284455,B,B,-0.9727233879615,-0.9671130317025616
756.3438979784,768.900575286,A,C,0.1358815713039594,0.0777756781969182
89.54014218754998,456.02134905035,A,B,0.7753352999884155,-0.9665308939042474
736.8448023799,179.31025865305003,B,C,-0.3527354023662785,-0.0724859585277096
283.99532436895004,765.18109579575,B,C,-0.6709949204113779,-0.3320822637798109
119.32407671894998,763.51040871285,A,C,0.2577879925063424,-0.5092112608374266
504.5358528253,236.67502494464998,A,A,0.0904872691909453,0.9538138283196306
970.0370102968,447.89033400875,B,C,-0.5975201041404368,-0.426792819722406
271.26371062814997,690.49943736025,A,B,0.7041724812768799,-0.6854430432875298
182.84901245269998,264.10139283425,B,A,-0.5608245246452819,0.970873512715596
160.0112686224,276.87523667525,B,A,-0.0343777118026795,0.9895845619735332
317.0970468718,905.5657737754,A,A,0.6665060236923195,0.9987180985388904
915.28630289135,294.9045171465,B,C,-0.9315110580539268,-0.3909393473092705
270.23122395995,722.2583607765,B,B,-0.8283269258525445,-0.6389559891392962
849.7366982820499,202.19343407125,B,A,-0.9866765351694772,0.94624703893741
791.89375023765,468.4673402011,A,A,0.8813342374536357,0.7881150823984362
102.60893355845002,731.06321774665,B,C,-0.8679881766582855,0.0301172946649349
521.78290686865,571.66375093075,A,C,0.4408525284280744,-0.593397924222985
707.22704117575,117.60185545175,A,C,0.60639185482442,-0.5870103383233702
87.45130784225,695.98551361265,A,A,0.5754215011749577,0.6419976826160865
339.57567156375,603.62565003775,B,C,-0.5193477303348475,0.3554551030262681
198.82351657970003,542.4013471747501,A,C,0.2916152888521497,0.2683558335355746
611.24007901245,425.95893774155,A,B,0.1372006011878446,-0.6866576506393648
519.4294187828,97.78754048500002,B,A,-0.7621020068485476,0.6087332662992655
578.7493280014,745.54534643225,B,B,-0.780797588256829,-0.9825020573699306
213.07770546445,428.15235242565,B,A,-0.809945667944888,0.8656981946294532
244.6678351658,431.3825771003,A,A,0.990499593199105,0.9431363831327232
213.80338647775,688.17128612055,A,B,0.1012716104436661,-0.9592214120996088
361.02690123729997,74.40294977784998,A,C,0.8006652519100232,0.0923649250192824
228.87072964495,185.66564326740001,B,C,-0.4617239745139068,-0.3904787555682626
254.46422732685,651.12737407385,A,B,0.2420825295993882,-0.9900235840266948
452.34911829305,387.71517483225,A,C,0.411223722701229,-0.1608789797666076
832.1961970563,183.8325539933,A,A,0.5579608711914485,0.9955998298299824
692.2303300994,646.5151221169,B,C,-0.362457532999376,0.2583069993534693
747.1829138662,336.7429240577,A,B,0.8594448535456534,-0.7660394945408242
197.44852940085002,605.5156819367,A,C,0.0447138134543352,-0.4530839443632061
459.55424217825,420.20458007670004,A,C,0.7364399870713898,0.1651647623104238
614.4358318115001,708.7244042188499,B,B,-0.3669935904826131,-0.7461620537709102
59.743817637999996,716.01047752435,B,A,-0.6371236549047443,0.728780930278747
629.723002027,714.79029431945,A,B,0.1908896716423471,-0.8055206999111267
310.9671999829,143.97402358814998,A,B,0.7434246557613455,-0.9653689756733695
38.67138393900001,566.6079190293,B,C,-0.6524028895173151,0.2254353864310525
830.52109716245,611.05890304045,B,C,-0.5075275121953786,-0.2797367863762307
281.9006658923,149.3157690442,B,B,-0.8377296518267945,-0.9824265077299704
383.7659187849,944.67671062125,A,A,0.847830086423182,0.6043565832997743
383.60345468725,772.7555495472,B,A,-0.0917424050820916,0.9745111920994652
54.634311755249996,367.03670496999996,A,C,0.008260513826269,-0.2517955383193436
749.7118553829,785.87685250975,A,C,0.6616005364733826,0.3724214587082987
364.4384379479,964.20290409125,A,A,0.2270066949194218,0.8670062386470294
314.30281999595,530.5420171276,B,A,-0.9237245002655547,0.9185519893181108
434.4775241481,935.18112795995,A,C,0.0298466041801033,-0.2911976017328661
466.75920094815,386.6195440879,A,C,0.8570888547525295,-0.3410494909009494
75.37808054214997,543.5066671086,A,C,0.0064556668037443,0.1950740281093699
521.386560556,776.61530974485,A,C,0.7395920963462934,-0.4071327736645349
602.87283586645,898.5674238740501,A,C,0.37675597739638,-0.2083234631285704
209.95905125730002,670.3734634971,B,B,-0.4018893309784246,-0.9533276922682674
100.21241356025001,674.6830753739,B,A,-0.9822408036069068,0.7159577919536055
659.8087291408,525.20115637275,A,A,0.4531670060527031,0.7292020462434073
586.7263280419,871.8563532774,B,C,-0.3176956201876768,-0.0206178124913012
374.49266175395,807.5977372522,A,A,0.5173455285050792,0.8278978459713716
434.608305799,669.27082619345,B,C,-0.3863080212346965,-0.568584357750717
436.6618382057,128.79196664575,A,A,0.9510873332720748,0.7998659178598142
377.9660150764,610.58660200405,B,C,-0.9714977751467422,-0.3142343742542496
621.0103466809,270.52339968105,A,C,0.7707639696171931,0.1090478347369438
823.8261004006499,560.10629892045,A,C,0.0759087689813891,0.5457053225068728
843.9703540647,241.56325649425003,B,A,-0.1838685440845815,0.9059804079722308
166.25871815649998,198.4284510708,B,C,-0.1829335438708463,0.4072115033649073
481.3240114308,55.05877110985,B,A,-0.0899796331645779,0.813458170262558
211.85163371725002,538.06172403225,A,C,0.9207712147735352,0.2451025536266862
934.94830483365,424.20044110649997,B,B,-0.451046200382138,-0.8133764586843579
963.27144958775,518.6825886503,B,C,-0.1560778973642025,0.5051425723390804
796.54999407815,682.69618197895,A,B,0.0025353434486117,-0.99505882297359
589.6184953145,921.4549690031499,B,B,-0.9371674944617536,-0.6057172424068065
596.31889729325,727.9698939447001,A,B,0.2874811942509401,-0.9602535160531652
349.2870264623,318.0129044081,A,B,0.1957858325318526,-0.9929799233835276
727.31308006325,300.64797445240004,A,B,0.9370564565734754,-0.9905519687324864
928.44112276685,461.6602559641,A,C,0.284613200748202,-0.569066478298493
636.77146568535,847.95217082305,B,A,-0.613865502184032,0.7856699096192111
913.20464608825,427.1998599604,B,B,-0.497268238768108,-0.9436015805123532
614.49236309995,482.73016556595,A,C,0.606191349743316,-0.2197440072211308
465.6282879285,631.8743754128,A,B,0.7274124864526377,-0.9962777330704295
110.40076895340002,241.91394903785,B,A,-0.4573962506960844,0.9696270498499044
366.97630253205,301.34188078775003,A,B,0.8411075500463274,-0.9700428077290002
442.1162649667,910.3533625953,B,C,-0.7160286192264291,-0.4830661305914353
205.99198568875,434.75957218595,B,A,-0.9024488276383942,0.9106512439005956
795.36713944945,700.6151717479,B,B,-0.9002804453855604,-0.9806307844458064
259.52237297355,420.16608998385,A,A,0.7204817838007613,0.8268829960540777
808.8226100356001,541.6443199122,A,A,0.105861556941496,0.826985967422179
518.40734109155,237.69913627615,A,A,0.36984582835825,0.9973155191706816
91.44662808880003,399.49767874365,A,B,0.031729953979106,-0.7761397985430584
382.51878172655,67.9391645801,B,C,-0.1985624544422015,0.4029790323749533
89.81546721429999,567.114899873,B,C,-0.7268569262643392,0.5809146863431711
499.98186268204995,100.40926144725,A,A,0.5375885118851504,0.85033399648586
852.10665956965,569.78456078285,A,C,0.3488976289022434,0.1021694038024752
285.72418698205,669.15392484135,B,B,-0.7729951675255324,-0.7254193680577748
382.00147676475,643.48728330145,B,C,-0.256038964438716,-0.1929693296215798
367.98062510665,809.1893920143,A,A,0.770979975226102,0.785243634321193
953.9368829912,392.9730307638,A,B,0.8420647318066325,-0.9289646040448256
131.29810844989998,725.519895887,A,C,0.722695984851663,-0.2761211666879833
366.83880395245,273.81116023255,A,B,0.3140023829165956,-0.8305752883317044
848.147771663,227.37452551874998,A,A,0.8343809858650804,0.8980879762857947
29.413668500049994,598.16697446285,A,C,0.2117397276657671,0.485018565026155
31.64544571555001,401.42298070460004,A,B,0.3800517697877807,-0.7244103349544124
645.8277619201,144.17342773345,A,B,0.9679174505983136,-0.9792774262029884
619.6987659422,748.93305474215,A,B,0.8531301581350148,-0.999627288644834
864.9682926111,248.0506699101,A,A,0.7563624580054482,0.6942680077673127
654.2550048181,597.2885426568,B,A,-0.8992721125231313,0.9403527615362404
75.47694620495002,323.6509562745,A,C,0.4105556303537585,0.4576049602974482
148.44688879799997,234.25118467915001,B,A,-0.4092334418841834,0.8902374832646769
375.3619071172,586.43540571335,A,C,0.0147889267372165,-0.220937528762917
635.38304603185,632.8914874869,A,C,0.4385575923413987,0.5438844777895079
38.22647596860003,647.43790422175,B,A,-0.2076422911588769,0.9630010421898922
812.6842519124,675.1491759957,A,B,0.907580275833499,-0.9504459809192124
64.96435348829999,485.1195068063,A,B,0.4726046703071551,-0.7233213412934578
464.5383559652,611.6607218129,B,B,-0.8566099487853014,-0.983874741846953
614.3681717894,398.60333318635,A,C,0.170434022318157,-0.5375823704107802
633.72124047395,83.04656066554998,A,B,0.996678556190636,-0.9570143876595136
70.457837358,323.67632758720003,B,C,-0.2992248454956103,0.4303466075063851
831.0991354721,233.124779348,A,A,0.821136075666085,0.983737303999802
390.07035136155,292.43219546975,B,B,-0.7493141572517918,-0.7912526079782433
741.85316157805,152.10505533564998,A,C,0.5061274059324194,-0.0758770180786374
910.9285664488,352.55032674715,B,B,-0.1060587354093227,-0.787769173024789
668.612013968,302.31958222845003,B,B,-0.2547873001608056,-0.6713639413377681
889.7427124398,270.46305566115,B,C,-0.8418837805682151,0.1914738600962927
280.81785743989997,668.4334122383,B,B,-0.6732912344552175,-0.7677333542454701
188.33212736414998,507.05206276625,A,A,0.3238738192827726,0.8032524062450218
515.041415892,214.11954838970001,A,A,0.5020077769190998,0.9960219853049004
121.15197050535,784.3335647433,A,B,0.1313072770717827,-0.6760509610179953
679.0531795404,680.85790886885,B,C,-0.153480129963397,-0.3381147345850842
468.9231894144,87.882731305,B,A,-0.5923903274673514,0.9955742788328416
526.9226780503,799.20176177855,B,C,-0.8069368372802981,-0.1236515801555412
741.6207574087,151.7949151848,A,C,0.345786864467833,-0.0823160138803815
839.986753381,660.26351438875,A,B,0.9974461869299354,-0.9023783288118912
844.2140739153,691.9524067920499,B,B,-0.1104014688517807,-0.9961928694272212
171.82810371304998,558.8481476943,A,C,0.7326462192082963,0.4031551721453991
244.8391897102,133.11688861034997,B,B,-0.8568685457786078,-0.917630977842498
370.43961737455,647.25618228725,B,C,-0.4395667186687531,-0.0135465027134718
659.2998772718,429.3222619005,A,C,0.995056817252128,0.0523542711612131
754.8182163239001,412.06215604094996,A,C,0.6721401096244948,-0.1988335736345529
594.99261226145,717.39168331835,B,B,-0.6588804729221489,-0.8957988005919548
593.17549976005,390.53871121285,A,B,0.4234422889119775,-0.8107828743484142
141.13859613105,820.89051886335,A,B,0.6903097303034518,-0.99172843475381
345.1477918183,531.78888366845,B,A,-0.7084151595339525,0.7220567548755851
846.80028928845,218.5651895533,B,A,-0.0020303460789168,0.9431700744653224
683.691633166,267.392628958,B,B,-0.3036933093256393,-0.850018694607448
361.42061229805,276.44128008355,A,B,0.7954955362369256,-0.8777031566276847
154.54918909104998,792.5938727355,A,B,0.6289872339935636,-0.973017354103876
840.5489823302,649.5483785198,B,B,-0.7320895585958369,-0.8113311583885258
49.85668590145002,677.54529660485,B,A,-0.4181552789520713,0.9805623790158003
228.47199612985,362.1943140102,A,C,0.8078377883885681,-0.0049784845427099
627.51725311215,493.45897222384997,B,C,-0.6693851080038291,0.0596572792655914
228.56283963915,197.86162146545,A,C,0.3615265435691006,-0.1965328154094777
75.40787156290003,424.2425880748,A,B,0.8517030057978101,-0.9500146286662472
519.5650459246,201.54809161909998,B,A,-0.7201419933816304,0.9517515367291682
468.34313029135,379.96509847355003,B,C,-0.928118542964816,-0.445774270705235
390.99528216765,438.18649059255,B,A,-0.2072643543501724,0.8598789763465183
841.3051000928,491.9493096427,B,A,-0.0862331446771416,0.9781453818245645
583.2205256315,88.65683087255002,B,C,-0.9512625746061434,-0.4078477106917439
392.941840922,957.25135422525,B,C,-0.3653775172825455,0.5311528110270278
499.0259855982,563.50111692965,B,C,-0.7535532186809302,-0.3729113345988804
232.69650482275,486.6268434241,A,A,0.2880535729427649,0.8435826675524407
638.1366229194,494.02327927075,B,C,-0.1743708467478271,0.2085479117063901
44.69574672245,428.3949950676,B,B,-0.0891098981731122,-0.9660732459624484
843.0355398223501,551.16350470435,A,C,0.9417083557956988,0.362024465564338
724.1827056215,118.46243240464997,B,C,-0.3227246164279453,-0.34791592911145
655.5882859822,313.63610218505,A,C,0.6566812969516007,-0.5103535862696615
667.2474320558,153.7677843125,B,B,-0.0034095740952526,-0.982522251727772
287.83257846690003,376.4941314664,B,C,-0.1242139146180605,0.0725843940813235
685.00578905975,168.22855506955,B,B,-0.5880162008067769,-0.8424795602498714
702.8494219737499,527.2855171079,A,A,0.3496821036717175,0.999308620862322
144.48217384294998,294.24004770025,A,A,0.0522219579132694,0.8614307505442267
291.55475325275,289.07987110985,B,B,-0.9135803531607868,-0.9775351557017916
131.50680793279997,807.75989380245,B,B,-0.890926101001559,-0.9210153815815668
336.5595591856,273.4044904093,A,B,0.7662050034238865,-0.9123034852641468
174.35745453285,780.32051201825,B,B,-0.3120834320093064,-0.9947616317057794
771.141497334,134.07004807919998,A,C,0.7125187172331207,0.3680224016405377
634.0760694027999,895.7505054326,A,C,0.0726869754156427,0.1896689288076498
67.20180634320002,632.0663304048,A,A,0.4504810036768072,0.9884071201269524
419.40376713795,368.0969681674,B,C,-0.5328951551693046,-0.2617460868094624
672.8827674454,820.3651687846,B,A,-0.8962306264408486,0.99549476455384
230.27965931325,577.0452288136,B,C,-0.0783146709744442,-0.5014351700732307
665.0701011912,645.45864404165,B,C,-0.8872632168784949,0.3371759064287738
19.02677671685001,550.3116730038,A,C,0.3818431406376386,-0.1967198698741434
209.47910839604998,552.3607468339001,A,C,0.3188428693033314,0.0214724378339397
454.19231518245,124.93476902600003,A,A,0.781611663895478,0.9412238018666887
617.2238126537,257.75624631985,A,C,0.6006258291527151,0.1570738956528959
178.99064137764998,226.60168991900002,A,A,0.1176647625830416,0.7340788916668838
174.24087257820003,794.9536342709,B,B,-0.365040246768298,-0.9952298823767765
543.21676230815,358.38242365605004,B,B,-0.6369890799607676,-0.997638345678802
782.32211112675,439.17680599380003,B,C,-0.9282515210660244,0.4267988478014983
468.9339016735,260.67902598915,A,C,0.9659950905334664,0.4923996181204148
389.3197907856,476.7351764328,A,A,0.5076697521794362,0.9907490479729768
659.3807159957,309.31083633245,B,C,-0.1588356241642108,-0.551392154416634
613.5816380883,910.34203783965,A,C,0.5836439897835546,-0.2557991437708052
771.2596551147001,402.25538271255,A,C,0.1358230129121374,0.0257381672436674
573.0461245205,220.18475169790003,B,A,-0.2956808580545016,0.6214323144938741
344.9252828039,505.07148524995,A,A,0.6768901991535701,0.9499021515533366
381.72121546585,141.3104417129,A,C,0.3569063938052723,-0.0103692409964754
660.3049821879,559.8713017166,B,A,-0.3940092471655783,0.9565118190388484
804.5249022169501,757.0670014448,B,C,-0.6689377842125257,-0.3710718089278564
393.5326170863,71.53370291250002,A,C,0.4260766293013744,0.5417723431372152
361.48221989315,277.4743161213,B,B,-0.9838861613024136,-0.8858374516710434
256.15661477885,631.27186934615,A,B,0.3413255545919291,-0.9989256332719773
101.68395985155001,389.06583228880004,A,B,0.408129955587694,-0.6522599319036738
524.2373220402,930.12562487645,A,B,0.4461961839558099,-0.9971305003119342
688.32015473665,278.46482307075,A,B,0.4653799365400246,-0.9139056914379816
611.0282287192,434.9907754802,B,B,-0.9004343569691351,-0.6210003294033744
126.85690616149998,794.67270205915,A,B,0.187174115071665,-0.8070864651593914
231.78788603155,566.9625070792,A,C,0.6775832750640021,-0.3757971667468068
667.995539526,145.17846762724997,A,B,0.8359551122269664,-0.986268731272336
725.96072994495,283.63003441635,B,B,-0.3670924457989535,-0.9803135896242416
177.0222322332,187.5575495796,A,C,0.8081533808622188,0.1841425602077138
196.05653327095,439.21596281305,A,A,0.8178186727479508,0.9354541116678508
671.5827002699,822.83806520075,A,A,0.8499850054738378,0.9988291603708984
871.4668274825,303.04556514474996,B,C,-0.1831013985813034,0.1859738863084138
425.9407210542,950.6581102062,B,C,-0.7854368905083036,-0.000891177375096
344.5481042222,497.01104596675,A,A,0.6078975904362782,0.9786014827254008
945.85955499185,492.03954496545,B,C,-0.3503633041624476,-0.0193046344303594
50.17117066625002,358.4556126786,B,C,-0.1713009683400712,-0.1348919797348132
52.83540028689998,458.46420188255,B,B,-0.2634904558807696,-0.9699834402843032
827.5103214424,259.499517211,A,A,0.849569993269319,0.9542280945042356
74.69635168880001,424.71644535135,B,B,-0.263039615204012,-0.9543662990423416
503.36961930589996,255.09829140189998,A,A,0.040667548627379,0.9026191446169332
469.69874118605003,373.9957240211,A,C,0.6976694226200779,-0.5103415999083912
431.6962171843,609.32887646525,B,B,-0.0305460336899561,-0.9473972779782764
369.763482039,492.0351628834,A,A,0.430648079152766,0.9389497317427192
495.38257790110003,211.58327969714998,A,A,0.9679226569405524,0.9799953640792184
315.6468028954,283.56871302705,A,B,0.7998161961405579,-0.9994087548743148
84.96881638955,593.753606346,A,A,0.0742520952673686,0.8777371833870912
279.02034954775,861.32516083645,B,A,-0.6393289460353713,0.6845294897214487
736.0728492094499,186.15850925069998,B,C,-0.9868434660377444,-0.0988780200503005
164.43099234214998,275.65766266135,B,A,-0.7659844164195146,0.9927556249456474
389.522208957,588.5453529906,A,C,0.7943876852919807,-0.4451898116366474
633.05090569805,517.1413039681499,A,C,0.8803553085029077,0.4169238229515506
816.6706044871,663.3509252012,B,B,-0.9667147200567484,-0.8659810843211085
639.7629563116,437.89097733849997,A,C,0.7879932650298374,-0.1875556449077812
245.1452664559,337.64329519795,A,C,0.0772665778571859,-0.4418175919334835
336.59620845475,768.9909443246,A,C,0.9100149251584696,0.5145370632630318
552.10057708435,61.83467284444998,A,C,0.3869312331124186,-0.0681476401495886
489.58993442614997,403.52320436145,B,C,-0.9961063295169386,-0.3987190303922448
238.8963767028,135.11358541689998,A,B,0.7308449210747858,-0.8711748257815393
56.389539699800025,603.4107873824,B,A,-0.3432335729024769,0.8137857893273714
746.0901852285999,758.2871118002,B,C,-0.935740096597182,-0.1164839586433025
843.8324637496,565.68659625225,B,C,-0.1500229735955158,0.2534431370673597
970.2540248052501,418.06501263225,B,B,-0.8813529733005616,-0.7030083910501337
331.50276495665,759.08795623215,B,C,-0.6555027520313164,0.427928779126385
633.3042979582,520.68973828455,A,C,0.5029513219713933,0.4700518313271373
259.86031524045,669.834925055,B,B,-0.0558901682043029,-0.9393043259893008
542.05981758245,911.619564922,B,B,-0.085280296812302,-0.8521856119211657
623.43968183785,232.98946841585,B,C,-0.6952309194682811,-0.1077023856539233
612.0414166200001,78.80791216665,A,B,0.1057275629906937,-0.8189375734804428
357.7635307822,613.2973652893,A,C,0.6355019561358193,0.0200742111114404
573.4820887168501,250.4759717782,A,A,0.5479494593209593,0.7698876378458486
664.48638672755,694.99648860105,B,C,-0.5518387079399998,-0.4657560235938198
385.6828987264,472.53759067055,B,A,-0.9111906018528508,0.9990513946405792
913.7157545353,294.67385232674997,A,C,0.5513404805474891,-0.3664542755729152
494.17021684869997,591.08717565835,B,B,-0.846944192646585,-0.7537731134336352
426.8734473648,611.667204487,A,B,0.3673931229771159,-0.915067155564919
736.5181116102,171.07987329769998,A,C,0.7791273582308766,-0.1913704678363534
226.97017126515,547.3077195303999,B,C,-0.7661997909845013,-0.0479613300852544
648.0296452085499,510.14669699685,B,C,-0.5522448709467929,0.4801605446827537
378.9359352378,530.46895083755,B,C,-0.6289973518357923,0.4990809621563155
809.04398916255,621.94527175625,A,C,0.8860504087832715,-0.3316094620451869
743.0057558596,818.4648762386,B,A,-0.8904407668528682,0.8283535797417749
220.9616629405,368.80834433154996,A,C,0.7685099044460102,0.0764738263677117
101.21926689874999,268.7645021374,B,A,-0.2451745099517648,0.9743727400878166
552.51966479035,919.6518134675,A,B,0.7417494455709976,-0.8605509107801984
222.8882685892,850.91419084395,A,C,0.1015361496435018,-0.2258514548636447
349.5691924531,290.78216444545,B,B,-0.346507954916591,-0.9829701773364566
78.3153740541,500.84228022765,A,C,0.1714820636553136,-0.4899978512713067
121.39294602525001,756.86688585055,A,C,0.7762949072377425,-0.4810230288440556
386.1363039077,568.65766245495,A,C,0.5824673051529101,-0.1248287633156553
296.28294945740004,742.52200246525,B,C,-0.9255662209644168,-0.1425751326911351
675.61697651945,681.93090272525,B,C,-0.9437908764969336,-0.3358381572083969
655.63995565805,893.2585546688999,B,C,-0.4905301771235852,0.3604634796560209
108.47020215399999,728.1756009283,A,C,0.7974858373281595,-0.0052236721558256
345.131811653,253.06851318510002,A,B,0.8755506582486037,-0.707182892472123
239.54651611320003,856.0515236724,B,C,-0.7763927919155122,0.0295049527247036
482.2667029339,631.53733226675,B,B,-0.3040696698615841,-0.9998987957111244
178.9138928684,503.50006075365,B,A,-0.2318088000057687,0.8914334114179139
818.7449291935,191.41353538645,B,A,-0.2567656461835463,0.9389655112360972
469.10276873325,915.3942792570999,A,B,0.8716503556564772,-0.819276291745196
78.69008722929999,448.96711977755,B,B,-0.6759511534204452,-0.9943494871361992
694.99037398795,637.51787047325,B,C,-0.0609971286262684,0.4060436819350744
329.9050814711,565.8427060917,A,A,0.3661113901537316,0.6187422333354702
644.73583651455,625.64745096335,A,A,0.7243634777710086,0.6693785932207994
733.9318595654499,300.7398929884,B,B,-0.386662319451603,-0.9694310505035886
731.28839677425,123.42598723685,A,C,0.5968566465802141,-0.2690283148300651
779.71867675565,485.86927355515,A,A,0.2237132570496445,0.913756013551569
619.1951988009,474.59840703105,A,C,0.3343490580116806,-0.2397390409770349
241.9522616273,131.8522280006,B,B,-0.217538037527267,-0.9052972183628936
949.94711052955,347.9893365086,A,B,0.841810366769081,-0.9823095809345448
499.2436022283,63.20594816670001,B,A,-0.7519878304726788,0.728745460876075
507.36285455284997,784.53659953235,B,C,-0.5011591183852444,-0.1503034940765561
519.00332082385,949.9376972763,B,B,-0.939296123031307,-0.9741152763902234
423.1296139166,73.96843534835,B,A,-0.0216303066912821,0.875995585830949
671.11070407155,835.08370741255,A,A,0.1175665429137153,0.9945622539858356
399.37170168375,917.8073845159,B,C,-0.1725976173037837,0.20452789204554
114.01342425544999,785.5007970962,B,B,-0.079513579714914,-0.6258052905067756
786.6984276871,231.9926049952,B,A,-0.8118006353634626,0.8619963895775897
767.70769885495,381.85967501285,A,C,0.7800260632297069,-0.3248550058118641
363.5343688131,935.7986689997999,B,A,-0.4819539658049838,0.8506328156208156
180.6553428079,798.71503339655,A,B,0.2017619599437901,-0.9755369832253586
130.34356591199997,317.1077788003,B,C,-0.6938927402961479,0.5644392934350698
254.73243790505,319.8850839665,B,B,-0.3988990195975908,-0.6573737352058902
651.5225255701,627.26832420205,B,A,-0.9687942763590938,0.6608351855798118
385.08159626605,781.72054050025,B,A,-0.4122560967754523,0.941791737469584
478.2444924546,70.01159451935001,A,A,0.6902341364101259,0.9089448538105416
177.80727511804997,490.9319687753,A,A,0.8820824744806997,0.9501130612961602
287.73513115995,361.1972264174,B,C,-0.8319271279484626,-0.139701758512797
827.1559721714,639.03780503865,A,B,0.3763181911879232,-0.6838834191497603
592.6585119087999,697.02321111825,B,B,-0.4797944830444725,-0.8101413388071816
114.44316560440001,725.8754453867,B,C,-0.4728979311520516,-0.0204268720809837
716.1948684305,777.55380718605,A,C,0.8003547866934824,0.3959653813691173
752.15414397595,785.89158257645,A,C,0.4283689231935899,0.3611680533530801
304.68981150325,920.22541899625,A,A,0.0051732602003868,0.9437278000072667
19.06214573929998,592.09764623585,A,C,0.4603212414788216,0.3068544475774067
822.31220255485,424.77359705085,B,A,-0.0043532965883976,0.7736547500376362
689.1183400524,820.8779307198499,A,A,0.3589476903552471,0.9616225240774822
682.5164679066,632.53646234005,B,C,-0.6381197099067768,0.4657375587649836
247.80066860895,672.8344973039,A,B,0.852667097325958,-0.947554399138304
400.9195067033,755.35496341585,B,A,-0.3115794505380118,0.99223084250516
792.4825001885999,152.6562100511,B,A,-0.6941267393014117,0.6980237216515829
306.34061750295,126.56156318125,A,B,0.1521088248025699,-0.93266351671536
575.5955266778,898.8883409695,A,C,0.9122261731639976,-0.487883447328393
638.9702523535,407.95550286130003,A,C,0.3174775995174288,-0.2035431763667009
57.68615046545,340.1699519704,A,C,0.8990741209561515,0.1929720658425781
379.54258144325,282.27183820705,B,B,-0.2627011157105683,-0.8103635362200159
322.23085714675,538.7847763922,B,A,-0.3351722598188695,0.8270227940529817
668.4157452442,481.2947325548,B,C,-0.5031720703100364,0.501569819584048
616.2306139161,715.01679078525,A,B,0.7117225082911232,-0.8141909439849341
100.16771218960002,642.85002058155,B,A,-0.105647379249756,0.9369812622072068
793.0131476399499,169.60559827014998,A,A,0.2830700181116348,0.7333843784639136
791.4798195242499,448.93241782395,B,C,-0.2850742844804392,0.5982555072477835
182.7496322274,184.08091495255002,B,C,-0.4290669680781613,0.073466395727487
748.2133420499499,410.5593622094,B,C,-0.4715207539931096,-0.3079735026632073
609.0881863729,733.7323169864001,A,B,0.2784925371686675,-0.959494592692108
436.08185813805,950.5503141537499,A,C,0.4537487346927018,-0.1461440510195901
901.3306367693,325.1355440452,B,C,-0.7320753735968286,-0.4573772042130142
720.6170431352,853.7773475814,A,A,0.7970317087423369,0.99994582116083
488.52141469095,236.10618676489997,A,A,0.7221008698772426,0.8797924785689505
265.3867671572,397.8578613949,A,C,0.1708751600544511,0.5556180579910702
437.8077075646,650.28040637905,B,B,-0.5211101325915914,-0.8007333931414666
785.60550351715,511.9051290585,B,A,-0.7237467904461359,0.9996123673938222
579.70538954575,891.8709516667,A,C,0.279768825935117,-0.3654578477101509
458.8217127791,787.8816910173,B,C,-0.3715088463032516,0.5148024490398264
363.25393262995,743.04552779445,A,A,0.7690232916291095,0.8599119138887871
334.6994926093,521.39859398035,A,A,0.2007998907900776,0.8685934439840078
815.85539930765,246.19421034645,A,A,0.3584172522888793,0.9999601567611558
515.3370341704,422.53346901955,A,B,0.7730793350412912,-0.6922469656104473
390.18552039515,280.86203797275,A,B,0.1246982653683923,-0.6931430913911131
399.9357189957,805.9738786088,B,A,-0.0753528266796916,0.99534533714856
55.99129152184997,335.06717621425,B,C,-0.8666917231345221,0.2632513035847583
950.8044301524001,507.30724329655,B,C,-0.1098974194433992,0.2457252476295408
55.278766555849984,584.35110149325,B,C,-0.5210500758398195,0.5911117102967105
68.4360066886,413.26441140325,B,B,-0.5248152843110427,-0.8674262034800954
877.6255836471,294.39564621625,A,C,0.0846272245387602,0.221863904714211
771.4541342895,747.10423954945,B,C,-0.7823850916449249,-0.3625736664882667
649.8456051867,588.0727737095,B,A,-0.2667753073251098,0.9789972393974437
223.36847605435,411.02486728459996,B,A,-0.3147895158814693,0.6749405522254267
517.3238539631,275.2169144088,B,A,-0.90957837105219,0.9457641388300428
431.4672823066,808.3851212407001,B,A,-0.2970237047197637,0.8995007395540425
254.18082850805,724.2354161868,A,B,0.2448812601011218,-0.8207191863119346
213.53000452474998,634.819118992,B,B,-0.464647031485212,-0.8559524933409155
418.9663846116,820.0446708939,B,A,-0.1107206338144848,0.9848405971826116
106.0237165447,647.30477448345,A,A,0.5666529109385263,0.8872075421074311
196.12637309259998,477.4526639831,B,A,-0.9676158644494056,0.9621464161703304
530.98530347045,72.28699397685,A,C,0.8896016482810853,0.3188136484705574
516.9428810603,760.1545626169,B,C,-0.1488392133630123,-0.5213763234168936
491.61279121024995,366.46023985785,B,B,-0.5969381635823978,-0.796694583835704
234.1936590989,518.5192645948,B,C,-0.853468398722256,0.4319929525054485
212.74923290995002,453.41791132115,B,A,-0.2629965016066604,0.9954717677025152
131.48169590560002,307.32820883345,A,A,0.7960144730068115,0.691704599081578
577.51161224395,739.5374328217,A,B,0.3944826845389373,-0.9963802424460058
933.5710696086,492.17616242725,B,C,-0.4232885769907402,-0.0895152734505323
882.01164614345,282.32096906035,B,C,-0.287164561086334,0.1294617145096262
463.9825483352,276.4883209315,A,C,0.1185155231618333,0.340513849597851
232.85173584485,876.99066082715,B,C,-0.1574124011358846,0.012070033851079
517.00890879345,101.75684385065,A,A,0.4243649424965408,0.668320090135563
618.08033437595,690.4461582579,A,C,0.2030077952182469,-0.4853346137527592
764.97944135855,760.53428614615,B,C,-0.0880948086605517,-0.1222328961000756
379.1349925059,813.7687300934999,B,A,-0.1167375758529449,0.8930382962006699
607.54145368655,138.87120414215002,A,B,0.1390239090871123,-0.6613874470758261
666.5646765522,80.46664058795,B,B,-0.161970305799592,-0.9677117799059
877.6193258626499,266.33692620015,B,C,-0.8157157199836487,0.395031359776384
832.53261395115,473.3358457206,A,A,0.0243895535246265,0.991101876883274
70.531622153,618.9473755126,A,A,0.5463529832809135,0.9637690040142916
761.5201221702,810.2024135485,A,A,0.3843551380351218,0.680191583621676
612.3433900169,87.82290485150003,A,B,0.1252950836443367,-0.7903898138349192
319.9753027415,115.91157668155,A,B,0.471653615505031,-0.7915712395628283
364.7168281154,580.42492312225,A,C,0.6105582270932612,-0.019029284736972
778.38187336445,807.8048464772,A,C,0.1077147315149269,0.5065265512283186
218.34175054449997,352.18047407315,B,C,-0.1388577048190469,-0.2025894634545134
500.2645950484,123.19304741190001,B,A,-0.2799964932136383,0.9115086993680634
459.5378522146,790.33149465705,A,C,0.3296563828454699,0.5127641974425104
43.20086161854999,540.0785100254,A,C,0.5571592389129831,-0.2193664875512809
397.02676210289997,962.6097395296999,A,C,0.7782999243464419,0.497360880175999
306.42192654819996,879.38500409015,A,A,0.1472121678323086,0.9638040048097838
502.44602657120004,90.3057801772,B,A,-0.1515311552423315,0.7468148204000884
183.85382768084997,227.69722673245002,B,A,-0.4593665961374618,0.70237546609213
679.2641271441,634.30780758525,A,C,0.9743022877881728,0.4307953661529106
628.2581410552,247.91582776635,A,C,0.1512281375042343,-0.091813566984527
329.48952811084996,121.72219990244997,B,B,-0.7299087991733781,-0.7220800677189241
679.3035910994,504.8282297896,A,A,0.5686003216458284,0.8408756853746286
413.2732654728,968.5597806968,A,C,0.4971242380996437,0.3068184522327104
667.4217641538501,507.15551225035,B,A,-0.4569852904574722,0.7364867760885517
60.770113142699984,504.49399140984997,B,C,-0.6374686753365568,-0.5265379015265254
690.1509082003,324.20869492639997,B,B,-0.2519423127901008,-0.9084202477206328
199.73044363064997,844.2221044560499,B,C,-0.2521568870119013,-0.5905443042869799
851.0551936311,305.02935322894996,A,C,0.0027504377920493,0.4178225415076017
595.2008030894,289.71851533895,B,C,-0.0319363799228973,0.5335780095537669
749.91002084445,762.25660139585,A,C,0.445397857244139,-0.0622607429553309
224.67577820405,464.90411425885,B,A,-0.0767296712607357,0.9837056788089964
657.5478793977,105.43709549804998,B,B,-0.8968439332634399,-0.996225064915734
620.9479715063001,271.73336955685,A,C,0.4151095672978824,0.1214734490911606
424.3120195199,222.72265568765,A,C,0.9979840836802802,0.3673267905844609
781.7190837686001,490.9593912884,A,A,0.2389621726933668,0.9469428765567514
839.6134054121001,215.02904195780002,B,A,-0.6816703886516471,0.9790086788547376
580.112305429,224.49089234694998,B,C,-0.5984637558270782,0.5581692950171072
697.99442871195,587.1060470517,B,A,-0.105590805802243,0.8911383089211095
748.7819994134,754.02964714835,A,C,0.2186478563630132,-0.199355158304548
200.47141256880002,843.99572707585,B,C,-0.0517433286056514,-0.580074521549959
295.4783248379,687.4832241564,B,C,-0.8564161627427569,-0.4484456122695711
85.04827632339999,563.2588786224,B,C,-0.7025573860704868,0.5336171080095174
540.59664437635,927.9117300043999,A,B,0.0486651564020017,-0.9574677230082002
723.8661878602,349.78296785090004,A,B,0.9529133648667616,-0.9681951861199988
447.7419283498,417.66568204145,B,C,-0.481974983334811,0.3062502582373408
386.35239741645,789.58665623725,B,A,-0.3371393999233771,0.9381813757464516
480.73290944255,264.920754934,B,A,-0.8763729011555443,0.6622489116766291
749.56695266625,152.32914165904998,A,C,0.79449291883986,0.0328585981790695
506.8664402447,55.96309488535002,B,C,-0.5964595545297235,0.5966663613024874
755.9064280567,736.21152388775,B,C,-0.7022174333303417,-0.5053492699468104
499.57337723039996,62.28867657674999,B,A,-0.3345970257631288,0.717524879879055
167.55360327575,178.08657155635,A,C,0.0048601990525847,0.0795970635126568
394.9703709251,136.80973067920002,A,C,0.1049606653390398,0.221002976010239
709.47496925935,368.7364772537,B,B,-0.5230378007331531,-0.9585695893000816
304.40626248755,291.13037508875,B,B,-0.8798380957079224,-0.9817391069208554
50.26316025540001,621.3118781165,B,A,-0.5857612310517599,0.8695644927016717
359.91935625630003,955.1831258858999,B,A,-0.0762226242778709,0.9128685664422512
239.92333837654996,450.26142963125,B,A,-0.4105498718844067,0.998850424378911
796.5239206563,775.9603203708,A,C,0.1349629063943191,-0.0673438686449924
401.81745440405,801.98840828805,B,A,-0.6320888798170654,0.9997339879024428
70.34182374900001,330.0709700059,B,C,-0.8195591730933505,0.3318667718306371
431.9482585978,618.12629300915,B,B,-0.8316088365630652,-0.9292103317451068
700.6949093757,271.0155378095,B,B,-0.8957909683756538,-0.9650856403602024
701.4601214658001,883.76562475685,A,A,0.3929365496869286,0.8099693584210507
367.52721186204997,512.16223753665,A,A,0.281801219250213,0.7720430418144648
683.02330169695,301.12609908244997,A,B,0.41357497536157,-0.8050843514684268
931.7754546773,367.0764169024,B,B,-0.6598880143107317,-0.9713047514025636
341.56583781785,495.55695314765,B,A,-0.1513941622155208,0.9884782173723764
115.93893340954997,700.71567696285,A,C,0.8483182950916022,0.2050220513219806
266.23542939735,344.1610755811,B,C,-0.2564830607515473,-0.3269722969028984
828.3969123572999,599.49887190155,A,C,0.6099566358235378,-0.0875149563387884
368.89544184155,425.3814639324,A,A,0.9980143391786452,0.7008836979824891
640.66135408835,312.72502309065,B,C,-0.5100911141073978,-0.2824534399177333
357.31553034615,472.21109263895,B,A,-0.47194604431394,0.9992432684817096
632.56282821815,493.6734774121,A,C,0.7478480611034795,0.1433658843573331
615.11390283015,464.18685041945,A,C,0.3834503052805591,-0.42996840756497
638.0796176186,424.82293994165,A,C,0.6172964832321874,-0.3042540820728132
256.17681520869996,877.240442249,B,C,-0.1496206698158455,0.3841962398138028
268.08864081745,137.4085316074,A,B,0.3020547038546564,-0.992155988519308
442.42785808885003,613.9826144518499,B,B,-0.9040708621207244,-0.9818702485856992
86.58650647529998,667.5103794161,B,A,-0.9513971179988704,0.8221100734279032
256.9054038583,678.68057943005,B,B,-0.5422877696757762,-0.874866962764811
591.61064503855,69.5356500735,A,B,0.5812171790708731,-0.6736181835602185
944.51495099585,339.27911668595,B,B,-0.5753683673652032,-0.9360852949518526
174.94845507014998,217.09336307914998,A,A,0.8902065146813403,0.6388559361841288
80.21980470494998,635.81708328285,B,A,-0.6325721856976951,0.9985303544247356
367.70057617145,545.8036699327499,B,C,-0.2711336368747532,0.3562268729797953
293.98435842854997,880.0324532576001,B,A,-0.8047800449721283,0.8881698867167654
168.07422268649998,549.00470819905,B,C,-0.5476262997651262,0.5568132398508275
957.8308289898,503.68986225965,A,C,0.2356792269554515,0.2562135827851623
178.12408538105,211.9941974394,A,C,0.4975581229205441,0.5587607040716637
626.27420293435,747.6702703511,B,B,-0.5098796896198408,-0.9970875159426512
928.5638066894501,446.17287372445,A,B,0.7693480933890724,-0.7355655908127342
65.87105332415001,316.5824393839,A,C,0.4122093657222163,0.552757804973608
349.4335372696,435.7578718757,A,A,0.3290319229268934,0.7896859801173445
227.8782508583,504.3658588619,B,A,-0.8031919057712338,0.6480411445975411
593.4033522093,93.86604486775002,A,C,0.0339966201178962,-0.5734635684077456
651.82417652495,288.76875967945,B,C,-0.6361742772827208,-0.367643407827175
